Time, Distance, CarPositionX, CarPositionY, CarPositionZ, Speed
0, 67.34563, -17.05, -0.003920317, 88.44, 0.705657
0.02, 67.34561, -17.05, -0.01105732, 88.44, 1.28466
0.0788062, 67.34554, -17.05002, -0.03375793, 88.43999, 1.389687
0.1206454, 67.34547, -17.05002, -0.07274878, 88.43999, 3.354918
0.1579878, 67.3454, -17.05002, -0.0793246, 88.43999, 0.6339441
0.1972224, 67.34521, -17.05004, -0.07922888, 88.43996, 0.009113621
0.2354334, 67.34519, -17.05003, -0.06718516, 88.43996, 1.134683
0.2731974, 67.34549, -17.04997, -0.05381989, 88.43998, 1.274109
0.3092942, 67.34593, -17.04989, -0.04717046, 88.44002, 0.6632193
0.3438219, 67.34623, -17.04986, -0.04889625, 88.44004, 0.1799788
0.3780363, 67.34626, -17.04986, -0.05186999, 88.44005, 0.3128941
0.411848, 67.34607, -17.04989, -0.05869561, 88.44004, 0.7267434
0.4456577, 67.34561, -17.04992, -0.06307161, 88.44002, 0.4659662
0.4812154, 67.34515, -17.04994, -0.06331354, 88.43999, 0.02479708
0.5135816, 67.34503, -17.04995, -0.06218773, 88.43998, 0.1252266
0.5467535, 67.3451, -17.04995, -0.05896235, 88.43997, 0.350038
0.5805352, 67.34549, -17.04992, -0.05639207, 88.43998, 0.2739171
0.6144726, 67.34572, -17.04991, -0.0557977, 88.43999, 0.06309723
0.6510734, 67.34608, -17.04988, -0.05603582, 88.44001, 0.02363733
0.6862744, 67.34621, -17.04986, -0.05742109, 88.44002, 0.1416871
0.7211367, 67.34608, -17.04985, -0.05879301, 88.44001, 0.1416748
0.7560573, 67.34595, -17.04985, -0.05920762, 88.44, 0.04274979
0.7903896, 67.34563, -17.04985, -0.05934954, 88.43999, 0.01490407
0.8241345, 67.34542, -17.04985, -0.05882597, 88.43998, 0.0558808
0.8592338, 67.34538, -17.04986, -0.05847842, 88.43998, 0.03564788
0.8933135, 67.34545, -17.04986, -0.0579164, 88.43998, 0.05936937
0.9273617, 67.34566, -17.04986, -0.05773193, 88.43998, 0.01950514
0.9612805, 67.34583, -17.04986, -0.0578928, 88.43998, 0.01707918
0.995204, 67.34583, -17.04986, -0.0578928, 88.43998, 0
1.02742, 67.34583, -17.04986, -0.0578928, 88.43998, 0
1.063253, 67.34583, -17.04986, -0.0578928, 88.43998, 0
1.096549, 67.34583, -17.04986, -0.0578928, 88.43998, 0
1.130441, 67.34583, -17.04986, -0.0578928, 88.43998, 0
1.164298, 67.34583, -17.04986, -0.0578928, 88.43998, 0
1.199033, 67.34583, -17.04986, -0.0578928, 88.43998, 0
1.232564, 67.34583, -17.04986, -0.0578928, 88.43998, 0
1.269392, 67.34583, -17.04986, -0.0578928, 88.43998, 0
1.304329, 67.34583, -17.04986, -0.0578928, 88.43998, 0
1.338719, 67.34583, -17.04986, -0.0578928, 88.43998, 0
1.373202, 67.34583, -17.04986, -0.0578928, 88.43998, 0
1.408095, 67.34583, -17.04986, -0.0578928, 88.43998, 0
1.442375, 67.34583, -17.04986, -0.0578928, 88.43998, 0
1.478288, 67.34583, -17.04986, -0.0578928, 88.43998, 0
1.512338, 67.34583, -17.04986, -0.0578928, 88.43998, 0
1.545498, 67.34583, -17.04986, -0.0578928, 88.43998, 0
1.578847, 67.34583, -17.04986, -0.0578928, 88.43998, 0
1.611954, 67.34583, -17.04986, -0.0578928, 88.43998, 0
1.644461, 67.34583, -17.04986, -0.0578928, 88.43998, 0
1.680193, 67.34583, -17.04986, -0.0578928, 88.43998, 0
1.714406, 67.34583, -17.04986, -0.0578928, 88.43998, 0
1.74727, 67.34583, -17.04986, -0.0578928, 88.43998, 0
1.781242, 67.34583, -17.04986, -0.0578928, 88.43998, 0
1.815474, 67.34583, -17.04986, -0.0578928, 88.43998, 0
1.848411, 67.34583, -17.04986, -0.0578928, 88.43998, 0
1.883427, 67.34583, -17.04986, -0.0578928, 88.43998, 0
1.918002, 67.34583, -17.04986, -0.0578928, 88.43998, 0
1.950896, 67.34583, -17.04986, -0.0578928, 88.43998, 0
1.985347, 67.34583, -17.04986, -0.0578928, 88.43998, 0
2.019594, 67.34583, -17.04986, -0.0578928, 88.43998, 0
2.05385, 67.34583, -17.04986, -0.0578928, 88.43998, 0
2.088748, 67.34583, -17.04986, -0.0578928, 88.43998, 0
2.12277, 67.34583, -17.04986, -0.0578928, 88.43998, 0
2.157664, 67.34583, -17.04986, -0.0578928, 88.43998, 0
2.190628, 67.34583, -17.04986, -0.0578928, 88.43998, 0
2.225121, 67.34583, -17.04986, -0.0578928, 88.43998, 0
2.258694, 67.34583, -17.04986, -0.0578928, 88.43998, 0
2.293531, 67.34583, -17.04986, -0.0578928, 88.43998, 0
2.327333, 67.34583, -17.04986, -0.0578928, 88.43998, 0
2.36164, 67.34583, -17.04986, -0.0578928, 88.43998, 0
2.394895, 67.34583, -17.04986, -0.0578928, 88.43998, 0
2.428495, 67.34583, -17.04986, -0.0578928, 88.43998, 0
2.46184, 67.34583, -17.04986, -0.0578928, 88.43998, 0
2.496459, 67.34583, -17.04986, -0.0578928, 88.43998, 0
2.530302, 67.34583, -17.04986, -0.0578928, 88.43998, 0
2.563088, 67.34583, -17.04986, -0.0578928, 88.43998, 0
2.598485, 67.34583, -17.04986, -0.0578928, 88.43998, 0
2.631205, 67.34583, -17.04986, -0.0578928, 88.43998, 0
2.665329, 67.34583, -17.04986, -0.0578928, 88.43998, 0
2.702132, 67.34583, -17.04986, -0.0578928, 88.43998, 0
2.736587, 67.34583, -17.04986, -0.0578928, 88.43998, 0
2.770549, 67.34583, -17.04986, -0.0578928, 88.43998, 0
2.80471, 67.34583, -17.04986, -0.0578928, 88.43998, 0
2.839108, 67.34583, -17.04986, -0.0578928, 88.43998, 0
2.873971, 67.34583, -17.04986, -0.0578928, 88.43998, 0
2.909109, 67.34583, -17.04986, -0.0578928, 88.43998, 0
2.943729, 67.34583, -17.04986, -0.0578928, 88.43998, 0
2.978333, 67.34583, -17.04986, -0.0578928, 88.43998, 0
3.012594, 67.34583, -17.04986, -0.0578928, 88.43998, 0
3.046335, 67.34583, -17.04986, -0.0578928, 88.43998, 0
3.080336, 67.34583, -17.04986, -0.0578928, 88.43998, 0
3.115428, 67.34583, -17.04986, -0.0578928, 88.43998, 0
3.150499, 67.34583, -17.04986, -0.0578928, 88.43998, 0
3.185897, 67.34583, -17.04986, -0.0578928, 88.43998, 0
3.2207, 67.34583, -17.04986, -0.0578928, 88.43998, 0
3.254739, 67.34583, -17.04986, -0.0578928, 88.43998, 0
3.288843, 67.34583, -17.04986, -0.0578928, 88.43998, 0
3.323833, 67.34583, -17.04986, -0.0578928, 88.43998, 0
3.35753, 67.34583, -17.04986, -0.0578928, 88.43998, 0
3.390694, 67.34583, -17.04986, -0.0578928, 88.43998, 0
3.424532, 67.34583, -17.04986, -0.0578928, 88.43998, 0
3.457981, 67.34583, -17.04986, -0.0578928, 88.43998, 0
3.491533, 67.34583, -17.04986, -0.0578928, 88.43998, 0
3.52729, 67.34583, -17.04986, -0.0578928, 88.43998, 0
3.561677, 67.34583, -17.04986, -0.0578928, 88.43998, 0
3.596368, 67.34583, -17.04986, -0.0578928, 88.43998, 0
3.631088, 67.34583, -17.04986, -0.0578928, 88.43998, 0
3.663858, 67.34583, -17.04986, -0.0578928, 88.43998, 0
3.699491, 67.34583, -17.04986, -0.0578928, 88.43998, 0
3.733442, 67.34583, -17.04986, -0.0578928, 88.43998, 0
3.767263, 67.34583, -17.04986, -0.0578928, 88.43998, 0
3.800007, 67.34583, -17.04986, -0.0578928, 88.43998, 0
3.833558, 67.34583, -17.04986, -0.0578928, 88.43998, 0
3.866249, 67.34583, -17.04986, -0.0578928, 88.43998, 0
3.898686, 67.34583, -17.04986, -0.0578928, 88.43998, 0
3.932784, 67.34583, -17.04986, -0.0578928, 88.43998, 0
3.966763, 67.34583, -17.04986, -0.0578928, 88.43998, 0
3.99965, 67.34583, -17.04986, -0.0578928, 88.43998, 0
4.034656, 67.34583, -17.04986, -0.0578928, 88.43998, 0
4.067726, 67.34583, -17.04986, -0.0578928, 88.43998, 0
4.101478, 67.34583, -17.04986, -0.0578928, 88.43998, 0
4.136951, 67.34527, -17.04986, -0.05809643, 88.44084, 0.0898995
4.182915, 38.73719, -17.04991, -0.05847673, 88.44878, 0.6221841
4.215893, 38.93041, -17.04995, -0.05848609, 88.45256, 0.4131116
4.250381, 39.0617, -17.05011, -0.05837126, 88.46323, 1.113525
4.284244, 39.19585, -17.05034, -0.05819704, 88.47747, 1.514655
4.320117, 39.32371, -17.0507, -0.05808225, 88.49564, 1.823402
4.35526, 39.46687, -17.05092, -0.05806316, 88.50587, 1.048288
4.391567, 39.5955, -17.05143, -0.05809274, 88.52866, 2.260951
4.427629, 39.72544, -17.05212, -0.05816755, 88.55515, 2.644553
4.464013, 39.85135, -17.05296, -0.05823389, 88.58469, 2.924806
4.501238, 39.97519, -17.05398, -0.058266, 88.61774, 3.197081
4.538552, 40.11683, -17.05451, -0.05827068, 88.63457, 1.624584
4.57472, 40.23931, -17.05587, -0.058259, 88.67336, 3.863142
4.614291, 40.35456, -17.05742, -0.0582381, 88.71415, 3.714012
4.653048, 40.4816, -17.05921, -0.05822245, 88.758, 4.076787
4.691403, 40.60146, -17.0614, -0.05821874, 88.80531, 4.445258
4.728776, 40.71568, -17.064, -0.05822222, 88.85718, 5.002285
4.765578, 40.82311, -17.0669, -0.05822851, 88.91162, 5.333107
4.802125, 40.92439, -17.07019, -0.05823502, 88.96996, 5.756025
4.842941, 41.02183, -17.07384, -0.05824479, 89.03159, 5.444735
4.88114, 41.13494, -17.07774, -0.05826017, 89.095, 5.987746
4.918904, 41.26442, -17.07986, -0.05826933, 89.12807, 3.159369
4.956703, 41.36031, -17.08439, -0.05828479, 89.19681, 6.560337
4.994744, 41.4531, -17.08921, -0.05828977, 89.26845, 6.794906
5.032178, 41.54385, -17.09455, -0.05828228, 89.34373, 7.257698
5.072054, 41.62895, -17.10042, -0.05826737, 89.42257, 7.13761
5.110333, 41.72105, -17.10684, -0.05825709, 89.50411, 7.692504
5.148468, 41.80341, -17.11399, -0.05825746, 89.58928, 8.068232
5.184873, 41.88171, -17.12193, -0.05826881, 89.67845, 8.853021
5.223062, 41.94946, -17.13051, -0.0582862, 89.77043, 8.708403
5.261576, 42.02224, -17.13974, -0.05830358, 89.86519, 8.899052
5.300089, 42.09326, -17.14976, -0.05831556, 89.96358, 9.245111
5.338158, 42.20799, -17.15493, -0.05831948, 90.01326, 4.722909
5.375608, 42.27301, -17.16596, -0.05832132, 90.11567, 9.901276
5.413857, 42.33268, -17.17779, -0.05831779, 90.22137, 10.01141
5.450578, 42.39276, -17.19041, -0.05831244, 90.33009, 10.72989
5.487346, 42.4435, -17.20387, -0.05831027, 90.44161, 10.99802
5.526415, 42.49232, -17.21809, -0.05831421, 90.55562, 10.58644
5.565036, 42.54803, -17.23323, -0.05832399, 90.67272, 11.00671
5.603837, 42.59865, -17.24932, -0.05833526, 90.7929, 11.24961
5.640795, 42.64722, -17.26634, -0.05834306, 90.91586, 12.09194
5.67872, 42.7439, -17.27514, -0.05834568, 90.97798, 5.955234
5.716411, 42.78559, -17.29351, -0.05834754, 91.1049, 12.24942
5.75451, 42.82301, -17.31278, -0.05834743, 91.23489, 12.41633
5.79078, 42.85937, -17.33296, -0.05834633, 91.3679, 13.35378
5.826683, 42.88544, -17.35409, -0.05834484, 91.5041, 13.82039
5.862628, 42.90823, -17.37604, -0.05834753, 91.64233, 14.01752
5.899, 42.99304, -17.38739, -0.05835113, 91.71251, 7.03588
5.93407, 43.01339, -17.41089, -0.05836254, 91.85499, 14.82354
5.97245, 43.02618, -17.4354, -0.05837535, 91.99994, 13.78903
6.008132, 43.05008, -17.46109, -0.05838249, 92.148, 15.16142
6.044876, 43.06041, -17.48776, -0.0583827, 92.29832, 14.95722
6.082594, 43.07157, -17.51573, -0.05837775, 92.45205, 14.91367
6.117713, 43.15716, -17.53008, -0.05837554, 92.52954, 8.078712
6.155142, 43.15879, -17.5597, -0.05837484, 92.68653, 15.36603
6.192688, 43.16846, -17.59041, -0.05838322, 92.84531, 15.50625
6.227746, 43.17562, -17.62239, -0.0583973, 93.00651, 16.87572
6.262737, 43.17055, -17.65558, -0.05841081, 93.16966, 17.1297
6.297486, 43.24062, -17.67254, -0.05841614, 93.25153, 8.661002
6.331882, 43.23138, -17.70769, -0.05841847, 93.41791, 17.79891
6.367336, 43.21846, -17.74419, -0.05841348, 93.58644, 17.50938
6.402505, 43.20726, -17.78209, -0.05840626, 93.75713, 17.89741
6.438706, 43.2733, -17.80171, -0.05840283, 93.84376, 8.833171
6.474264, 43.26218, -17.84183, -0.05840224, 94.01766, 18.06917
6.510178, 43.24623, -17.88358, -0.05840817, 94.19369, 18.134
6.545358, 43.22916, -17.92711, -0.05841797, 94.3718, 18.76253
6.579894, 43.29202, -17.94946, -0.05842369, 94.46117, 9.602789
6.613664, 43.26555, -17.99587, -0.05843155, 94.64235, 19.93824
6.646609, 43.2336, -18.04422, -0.05843518, 94.82555, 20.70493
6.679434, 43.28384, -18.06925, -0.05843491, 94.91834, 10.53998
6.711945, 43.24425, -18.12042, -0.05843429, 95.10455, 21.38424
6.745241, 43.20082, -18.17339, -0.0584337, 95.29279, 21.14253
6.778547, 43.25013, -18.20038, -0.05843462, 95.38727, 10.62022
6.81013, 43.20692, -18.25585, -0.0584367, 95.57858, 22.70572
6.843113, 43.15759, -18.31175, -0.05813197, 95.76842, 21.60034
6.875262, 43.20366, -18.3407, -0.05811929, 95.86515, 11.30596
6.908203, 43.14497, -18.40207, -0.05757907, 96.06656, 23.01052
6.941185, 43.08857, -18.46458, -0.05723488, 96.26882, 23.10731
6.973508, 43.12783, -18.49682, -0.05719709, 96.37206, 12.04539
7.005567, 43.06606, -18.56187, -0.05738343, 96.57671, 24.1152
7.036453, 43.1029, -18.59456, -0.05755799, 96.67813, 12.41942
7.069959, 43.03572, -18.6605, -0.0579217, 96.88146, 22.96715
7.101818, 42.97852, -18.72784, -0.05813722, 97.08546, 24.27445
7.133188, 43.00947, -18.76333, -0.05815183, 97.19185, 12.87045
7.164416, 42.93936, -18.83326, -0.058018, 97.39999, 25.31341
7.196514, 42.96808, -18.86927, -0.05789515, 97.50596, 12.552
7.227489, 42.90839, -18.93782, -0.05768092, 97.70606, 24.58372
7.257743, 42.93402, -18.97531, -0.0576106, 97.81432, 13.63161
7.290541, 42.85759, -19.04851, -0.05757998, 98.0233, 24.30565
7.319392, 42.89479, -19.08513, -0.05760674, 98.12701, 13.7233
7.349429, 42.81246, -19.15971, -0.05771433, 98.33501, 26.48426
7.38122, 42.73424, -19.23586, -0.05782449, 98.54428, 25.21694
7.411901, 42.76147, -19.27606, -0.05785187, 98.65368, 13.67548
7.442347, 42.68163, -19.35505, -0.05785355, 98.86624, 26.81388
7.473454, 42.70345, -19.39579, -0.05782954, 98.97454, 13.39116
7.50545, 42.62509, -19.47646, -0.05778597, 99.18686, 25.55442
7.536516, 42.65349, -19.51814, -0.0577735, 99.29519, 13.45054
7.567011, 42.57232, -19.60171, -0.05777926, 99.51003, 27.21383
7.598389, 42.59302, -19.64491, -0.05778664, 99.61953, 13.505
7.627862, 42.51165, -19.7308, -0.05780371, 99.83467, 28.29581
7.657784, 42.52771, -19.775, -0.05780297, 99.94372, 14.15661
7.68576, 42.44053, -19.86277, -0.0577954, 100.1577, 29.76647
7.715686, 42.45019, -19.90804, -0.05779075, 100.2665, 14.17677
7.744957, 42.3602, -19.99877, -0.05779284, 100.4825, 28.81036
7.774125, 42.37358, -20.04568, -0.05779488, 100.5928, 14.7909
7.802103, 42.2788, -20.13866, -0.05780653, 100.8093, 30.31913
7.831224, 42.28663, -20.18637, -0.05780866, 100.919, 14.79199
7.860213, 42.18976, -20.28179, -0.05780789, 101.1368, 29.52781
7.890249, 42.20065, -20.33088, -0.05780113, 101.2476, 14.52699
7.919953, 42.22028, -20.37838, -0.05779954, 101.3543, 14.14879
7.949516, 42.12155, -20.4779, -0.05779378, 101.5754, 29.52432
7.979813, 42.13602, -20.5273, -0.05779592, 101.6844, 14.22435
8.008485, 42.03945, -20.62862, -0.05780285, 101.905, 30.47981
8.036499, 42.04873, -20.67961, -0.05780658, 102.0154, 15.6244
8.064385, 41.94104, -20.78324, -0.05781161, 102.2367, 31.54276
8.093427, 41.95029, -20.83364, -0.05781971, 102.3434, 14.62897
8.121229, 41.84478, -20.93985, -0.05783135, 102.5659, 31.92493
8.149401, 41.84989, -20.99264, -0.05783491, 102.6756, 15.56526
8.178229, 41.85639, -21.04628, -0.05783305, 102.786, 15.31832
8.204535, 41.75059, -21.15426, -0.05781717, 103.0061, 33.55347
8.232027, 41.74707, -21.2098, -0.05780458, 103.1181, 16.37476
8.260195, 41.63235, -21.32123, -0.05778233, 103.3407, 31.80772
8.28645, 41.63766, -21.37727, -0.05777705, 103.4512, 16.9891
8.314014, 41.6316, -21.43479, -0.05777389, 103.5639, 16.53502
8.343885, 41.518, -21.54826, -0.05779485, 103.7841, 29.8544
8.371148, 41.52853, -21.60638, -0.05781449, 103.8957, 16.61061
8.398281, 41.52761, -21.66482, -0.05783561, 104.0076, 16.74982
8.426558, 41.4074, -21.78327, -0.0578646, 104.2314, 32.23536
8.453012, 41.41216, -21.84179, -0.05786952, 104.3411, 16.92558
8.480492, 41.28587, -21.96317, -0.0578456, 104.5666, 33.54865
8.510124, 41.28525, -22.02355, -0.05782534, 104.6781, 15.40351
8.536052, 41.29356, -22.08463, -0.05780422, 104.7901, 17.71017
8.565056, 41.16597, -22.20709, -0.05777886, 105.0133, 31.60403
8.593796, 41.17162, -22.2688, -0.05778265, 105.1249, 15.97442
8.620053, 41.0514, -22.39483, -0.05780482, 105.352, 35.60227
8.646831, 41.04257, -22.45849, -0.05781743, 105.4658, 17.53062
8.675074, 41.03739, -22.52147, -0.05783112, 105.5777, 16.36707
8.700642, 40.91683, -22.64864, -0.05785399, 105.8026, 36.37468
8.727447, 40.90325, -22.71407, -0.05785662, 105.9174, 17.75106
8.752512, 40.8973, -22.77803, -0.05785688, 106.0294, 18.52398
8.77986, 40.88319, -22.84311, -0.05785153, 106.1425, 17.18326
8.807729, 40.75329, -22.97521, -0.05782357, 106.371, 34.08948
8.833332, 40.74825, -23.04274, -0.05780501, 106.4869, 18.86215
8.861367, 40.60941, -23.1771, -0.05777989, 106.7159, 34.09479
8.886293, 40.60654, -23.24451, -0.05777955, 106.8299, 19.1276
8.913431, 40.58549, -23.31429, -0.05778233, 106.9476, 18.14827
8.941512, 40.45247, -23.45067, -0.05781892, 107.1763, 34.14034
8.967637, 40.44519, -23.52123, -0.05783745, 107.294, 18.91257
8.996106, 40.4315, -23.59064, -0.05785481, 107.4097, 17.05379
9.021247, 40.2976, -23.73238, -0.05786423, 107.6442, 39.24293
9.047964, 40.27895, -23.80274, -0.05785944, 107.7602, 18.27823
9.075782, 40.2657, -23.87427, -0.05784897, 107.8776, 17.79539
9.101298, 40.12658, -24.01847, -0.05782297, 108.1134, 38.99109
9.128965, 40.10876, -24.09056, -0.05781722, 108.2305, 17.88706
9.155203, 40.09849, -24.16335, -0.05781867, 108.3483, 19.0108
9.181562, 39.95171, -24.30976, -0.05784556, 108.5843, 37.92227
9.21208, 39.93415, -24.38408, -0.05785918, 108.7033, 16.55783
9.237007, 39.93542, -24.45829, -0.0578674, 108.8219, 20.19869
9.264083, 39.7812, -24.60787, -0.05786597, 109.0588, 37.25271
9.289751, 39.76794, -24.68241, -0.05785959, 109.1763, 19.5177
9.316517, 39.74729, -24.75835, -0.05785025, 109.2952, 18.97758
9.343147, 39.59639, -24.912, -0.05782969, 109.5345, 38.44406
9.368577, 39.57845, -24.9896, -0.05782229, 109.6544, 20.21794
9.39706, 39.55362, -25.0684, -0.0578159, 109.7756, 18.26282
9.424949, 39.40889, -25.22534, -0.05781952, 110.015, 36.95605
9.451367, 39.39341, -25.30557, -0.05782587, 110.1363, 19.81796
9.478894, 39.37481, -25.3844, -0.05784056, 110.2548, 18.61242
9.504164, 39.22318, -25.54591, -0.05787901, 110.495, 41.23257
9.530532, 39.1988, -25.62608, -0.05790237, 110.6132, 19.5063
9.558562, 39.17601, -25.70892, -0.05791754, 110.7344, 18.85096
9.583921, 39.02497, -25.87393, -0.0579239, 110.9732, 41.21304
9.612041, 39.00088, -25.95615, -0.05791697, 111.0908, 18.36276
9.638672, 38.98447, -26.04106, -0.05789989, 111.2115, 19.95054
9.665772, 38.8276, -26.20935, -0.05786493, 111.4481, 38.57013
9.692123, 38.80439, -26.29681, -0.05784223, 111.5698, 20.47454
9.717307, 38.78313, -26.38138, -0.05782806, 111.6867, 20.6265
9.744937, 38.61408, -26.55636, -0.05781098, 111.9258, 38.60038
9.770416, 38.59729, -26.64254, -0.05781931, 112.0425, 20.50019
9.796447, 38.56905, -26.73098, -0.05783503, 112.1613, 20.48382
9.822727, 38.4012, -26.90993, -0.05787714, 112.3995, 40.81713
9.850183, 38.37469, -27.00063, -0.05789416, 112.519, 19.66374
9.87746, 38.35173, -27.09218, -0.05790263, 112.6388, 19.90089
9.902177, 38.19137, -27.2729, -0.05790957, 112.8732, 43.10718
9.929584, 38.15517, -27.36644, -0.05790316, 112.9935, 20.02005
9.954405, 38.13525, -27.45706, -0.057901, 113.1095, 21.34873
9.979266, 38.10137, -27.55015, -0.05789595, 113.228, 21.81709
10.00539, 37.92572, -27.73606, -0.05789268, 113.463, 41.30583
10.03092, 37.89873, -27.82918, -0.05789392, 113.5799, 21.06786
10.05922, 37.86666, -27.92384, -0.05789269, 113.6981, 19.26226
10.08289, 37.70498, -28.11286, -0.05789037, 113.9325, 45.80859
10.10929, 37.6656, -28.20751, -0.05788471, 114.0492, 20.47962
10.13282, 37.64066, -28.30076, -0.05788188, 114.1637, 22.59953
10.15864, 37.59771, -28.39829, -0.0578731, 114.2826, 21.44833
10.18198, 37.42649, -28.58866, -0.05786682, 114.5137, 46.18158
10.2066, 37.38462, -28.68542, -0.05787048, 114.6301, 22.13099
10.23081, 37.34784, -28.78272, -0.05787851, 114.7469, 22.5966
10.25529, 37.31491, -28.87629, -0.05790038, 114.8587, 21.45193
10.28005, 37.13581, -29.07056, -0.05794787, 115.089, 43.79721
10.30586, 37.10277, -29.16691, -0.057967, 115.2025, 20.76694
10.33135, 37.07473, -29.26287, -0.0579778, 115.315, 20.88031
10.35594, 37.04142, -29.36219, -0.05796894, 115.4308, 22.33113
10.38057, 36.86553, -29.55713, -0.05791841, 115.6564, 43.5877
10.40656, 36.83113, -29.65559, -0.0578806, 115.7693, 20.74594
10.43183, 36.80485, -29.75232, -0.05784937, 115.8797, 20.90874
10.45874, 36.77436, -29.84997, -0.05783051, 115.9904, 19.751
10.48497, 36.60987, -30.04761, -0.0578408, 116.2122, 40.76944
10.51214, 36.58162, -30.14724, -0.05786544, 116.3231, 19.75518
10.53716, 36.55931, -30.24645, -0.05789718, 116.4325, 21.25032
10.56362, 36.38738, -30.44623, -0.05795683, 116.6505, 40.22353
10.58783, 36.36217, -30.54654, -0.05796968, 116.7588, 21.94735
10.61262, 36.32905, -30.64555, -0.0579707, 116.8651, 21.10072
10.63898, 36.29432, -30.74816, -0.0579534, 116.9741, 20.44231
10.66387, 36.1326, -30.94769, -0.05790647, 117.1842, 41.90505
10.69216, 36.09704, -31.05208, -0.05787916, 117.2929, 19.17764
10.71611, 36.08073, -31.15326, -0.05786242, 117.3976, 21.87734
10.74234, 35.90326, -31.3595, -0.05784848, 117.6089, 40.53827
10.76647, 35.87833, -31.46154, -0.05785353, 117.7123, 21.66403
10.79279, 35.84631, -31.56208, -0.05786989, 117.8136, 19.53321
10.81671, 35.81847, -31.6673, -0.05788615, 117.9186, 22.36483
10.84261, 35.6474, -31.87163, -0.05792861, 118.1208, 39.95763
10.86677, 35.61666, -31.97839, -0.0579391, 118.2252, 22.2458
10.89454, 35.58178, -32.08269, -0.05794364, 118.3266, 18.8601
10.91823, 35.56536, -32.18482, -0.05794348, 118.4253, 21.5737
10.94401, 35.38638, -32.39745, -0.0579059, 118.6283, 41.05487
10.96837, 35.36006, -32.50135, -0.05788474, 118.7267, 21.16057
10.99458, 35.32476, -32.6078, -0.05786427, 118.8265, 20.04025
11.01852, 35.29831, -32.71379, -0.05785088, 118.9256, 21.81584
11.0449, 35.12711, -32.92355, -0.05786869, 119.1198, 39.00937
11.06985, 35.10316, -33.02874, -0.05789138, 119.2164, 20.6068
11.09847, 35.07051, -33.13442, -0.05791445, 119.3132, 18.02746
11.12282, 34.91493, -33.34737, -0.05793251, 119.5063, 42.51622
11.14816, 34.88247, -33.45146, -0.05793243, 119.6003, 19.91738
11.17332, 34.84829, -33.56078, -0.05791789, 119.6982, 21.00308
11.19884, 34.81874, -33.6661, -0.05790317, 119.7922, 19.90522
11.22653, 34.6516, -33.88056, -0.05786782, 119.9822, 37.25404
11.25136, 34.63134, -33.98729, -0.05785399, 120.0761, 20.61092
11.27778, 34.60197, -34.09233, -0.05785001, 120.1681, 19.02648
11.30284, 34.44014, -34.30758, -0.05785939, 120.355, 40.96092
11.3283, 34.41279, -34.41277, -0.05787877, 120.4459, 19.65016
11.35259, 34.38154, -34.52249, -0.05789445, 120.5401, 21.43579
11.37761, 34.34798, -34.63067, -0.05790737, 120.6326, 20.48329
11.40083, 34.18512, -34.84449, -0.05792395, 120.8141, 43.48252
11.42707, 34.14853, -34.95196, -0.05792061, 120.9047, 19.29078
11.45098, 34.12792, -35.05758, -0.05791484, 120.9934, 20.7657
11.4773, 34.0914, -35.16811, -0.05789747, 121.0857, 19.6952
11.50178, 33.93517, -35.38334, -0.05785895, 121.2644, 41.13264
11.52993, 33.90291, -35.49306, -0.05784117, 121.3547, 18.1733
11.55438, 33.89008, -35.60045, -0.05783477, 121.4428, 20.4526
11.58092, 33.7264, -35.81701, -0.0578564, 121.6194, 37.90042
11.60601, 33.70575, -35.92545, -0.05787706, 121.7074, 20.04053
11.63243, 33.68139, -36.03243, -0.0579007, 121.7938, 18.73793
11.65711, 33.65732, -36.14404, -0.05791178, 121.8836, 20.88991
11.68251, 33.49896, -36.35873, -0.05791662, 122.0554, 38.98021
11.70932, 33.47453, -36.46783, -0.05790794, 122.142, 18.70967
11.73432, 33.45627, -36.57703, -0.05789522, 122.2286, 20.06542
11.76096, 33.29963, -36.79317, -0.05788235, 122.3989, 37.18259
11.78427, 33.28424, -36.90016, -0.0578816, 122.4827, 20.99478
11.8097, 33.25458, -37.00723, -0.0578839, 122.5664, 19.23401
11.83271, 33.22912, -37.11864, -0.05787937, 122.653, 22.07133
11.85711, 33.19663, -37.22771, -0.05787232, 122.7374, 20.3511
11.8815, 33.03634, -37.44699, -0.05784436, 122.9062, 40.85105
11.90599, 33.01257, -37.55411, -0.05783268, 122.9882, 19.82627
11.93109, 32.98941, -37.66123, -0.05782966, 123.0699, 19.32501
11.95583, 32.9659, -37.7716, -0.05783397, 123.1536, 20.15246
11.98196, 32.81333, -37.98774, -0.05787548, 123.3169, 37.32093
12.00643, 32.79334, -38.09903, -0.05789795, 123.4004, 20.47218
12.03292, 32.76893, -38.20853, -0.05791662, 123.4823, 18.5814
12.06, 32.6228, -38.42734, -0.0579296, 123.6449, 36.23725
12.08512, 32.61073, -38.53671, -0.05791618, 123.7258, 19.49262
12.11173, 32.59322, -38.64383, -0.05789667, 123.8046, 17.99482
12.13658, 32.57605, -38.75625, -0.05786509, 123.8868, 20.17678
12.16454, 32.42765, -38.97295, -0.0578183, 124.0443, 34.49809
12.19013, 32.41661, -39.08628, -0.05780425, 124.1259, 19.64039
12.21646, 32.4001, -39.19566, -0.05780732, 124.2042, 18.39306
12.24084, 32.25476, -39.41737, -0.05784516, 124.3616, 40.15106
12.26613, 32.23411, -39.52663, -0.05787307, 124.4384, 19.01366
12.29113, 32.21947, -39.634, -0.05790516, 124.5136, 18.87352
12.31629, 32.19806, -39.74706, -0.05792638, 124.5921, 19.68676
12.34102, 32.05266, -39.96651, -0.05794174, 124.7434, 38.8215
12.36886, 32.03114, -40.07955, -0.05792715, 124.8205, 17.68464
12.3954, 32.02535, -40.19067, -0.05790361, 124.896, 18.22511
12.41999, 32.01884, -40.29736, -0.05788343, 124.968, 18.84487
12.44594, 31.86668, -40.52324, -0.05783381, 125.1192, 37.71544
12.47119, 31.85734, -40.63117, -0.05782418, 125.191, 18.4768
12.49766, 31.83759, -40.74577, -0.05781392, 125.2666, 18.67196
12.52302, 31.70108, -40.96656, -0.05782501, 125.4113, 37.47022
12.54947, 31.6838, -41.08001, -0.05783514, 125.4849, 18.41024
12.5769, 31.67478, -41.19112, -0.05784984, 125.5567, 17.35549
12.6027, 31.53949, -41.41652, -0.05787911, 125.701, 37.36056
12.63041, 31.52625, -41.52909, -0.05788448, 125.7725, 17.32227
12.65579, 31.52582, -41.63791, -0.05788985, 125.8413, 18.26071
12.68307, 31.37924, -41.86675, -0.05787212, 125.9846, 35.62926
12.70869, 31.37517, -41.97811, -0.05786324, 126.0538, 18.42615
12.73443, 31.35795, -42.09463, -0.05784751, 126.1257, 19.15132
12.76056, 31.21861, -42.31982, -0.0578299, 126.2638, 36.37964
12.78713, 31.20642, -42.43492, -0.05782787, 126.3335, 18.23603
12.81383, 31.19686, -42.54938, -0.0578326, 126.4027, 18.03602
12.83873, 31.18987, -42.66166, -0.05784648, 126.4704, 18.94748
12.8647, 31.04162, -42.89352, -0.05786526, 126.6085, 37.42178
12.89056, 31.02994, -43.00797, -0.05787105, 126.6764, 18.5214
12.91736, 31.01487, -43.12539, -0.05786783, 126.7454, 18.29647
12.94465, 30.87833, -43.35529, -0.05785228, 126.8798, 35.13277
12.97201, 30.86843, -43.47469, -0.05783788, 126.9489, 18.14931
13.00135, 30.73493, -43.70501, -0.0578312, 127.0814, 32.60075
13.02925, 30.73351, -43.82592, -0.05782956, 127.1503, 17.9574
13.05477, 30.72868, -43.94379, -0.05783277, 127.2171, 19.11297
13.0823, 30.58079, -44.18134, -0.05784294, 127.3507, 35.63702
13.10923, 30.5752, -44.29879, -0.05784838, 127.4161, 17.97403
13.13573, 30.56738, -44.41597, -0.05785525, 127.4812, 18.20936
13.16413, 30.42008, -44.6585, -0.05785569, 127.6145, 35.08583
13.18975, 30.41848, -44.77704, -0.05785665, 127.6792, 18.97009
13.21785, 30.39849, -44.9009, -0.05784925, 127.7462, 18.04351
13.24225, 30.2614, -45.14173, -0.05784015, 127.8758, 40.35656
13.26875, 30.23743, -45.26453, -0.05783779, 127.9411, 18.89746
13.29618, 30.22383, -45.38676, -0.05783994, 128.006, 18.16049
13.32082, 30.08046, -45.63231, -0.05785828, 128.1354, 40.54983
13.34856, 30.0577, -45.75581, -0.05786599, 128.2, 18.08901
13.37533, 30.05125, -45.87697, -0.05787427, 128.2631, 18.37473
13.40233, 29.89903, -46.12829, -0.05786419, 128.393, 37.71906
13.43194, 29.88874, -46.25077, -0.0578567, 128.4559, 16.74143
13.45768, 29.88305, -46.38037, -0.05783762, 128.5221, 20.35102
13.48453, 29.72764, -46.63153, -0.05780927, 128.6496, 37.75897
13.51311, 29.71015, -46.76081, -0.05779824, 128.7146, 18.22961
13.53866, 29.70054, -46.89002, -0.05779273, 128.7794, 20.35928
13.56946, 29.53901, -47.14677, -0.05781529, 128.907, 33.51146
13.59563, 29.53977, -47.27661, -0.05783527, 128.971, 19.91408
13.62028, 29.37883, -47.53619, -0.05788505, 129.0981, 42.21978
13.64935, 29.34839, -47.66919, -0.05789934, 129.1627, 18.3156
13.67473, 29.34325, -47.79741, -0.05791157, 129.2248, 20.19983
13.69991, 29.31312, -47.93356, -0.05790404, 129.2902, 21.59269
13.72592, 29.14202, -48.20025, -0.0578619, 129.4175, 40.91746
13.75142, 29.11341, -48.33854, -0.05782662, 129.4828, 21.59226
13.77896, 29.08391, -48.47497, -0.05779362, 129.547, 19.70608
13.80314, 28.91568, -48.75023, -0.05775737, 129.6754, 45.20966
13.83105, 28.87872, -48.88901, -0.05775979, 129.7396, 19.72775
13.85689, 28.86031, -49.02588, -0.057782, 129.8026, 20.98792
13.88448, 28.67753, -49.30866, -0.05785198, 129.9314, 40.55167
13.91174, 28.65806, -49.44625, -0.05790037, 129.9935, 19.93451
13.93725, 28.62941, -49.59151, -0.05793649, 130.0586, 22.46339
13.96609, 28.44573, -49.87471, -0.05797633, 130.1845, 38.69344
13.99214, 28.4229, -50.02177, -0.05796554, 130.249, 22.193
14.01867, 28.38807, -50.16779, -0.05793758, 130.3128, 21.61543
14.04764, 28.2008, -50.46076, -0.05785316, 130.4389, 39.63608
14.07532, 28.17608, -50.61076, -0.05780518, 130.5028, 21.20812
14.10156, 27.99094, -50.90707, -0.05775922, 130.6271, 44.08311
14.12984, 27.95502, -51.05686, -0.05776639, 130.6891, 20.63737
14.15513, 27.92895, -51.20649, -0.0577959, 130.7505, 23.01413
14.18271, 27.72538, -51.51203, -0.05788559, 130.8738, 43.0119
14.20886, 27.69518, -51.66304, -0.05793724, 130.934, 22.38217
14.23567, 27.65206, -51.82067, -0.05797243, 130.996, 22.74564
14.26424, 27.45653, -52.12695, -0.05800821, 131.1145, 41.37547
14.29206, 27.42647, -52.28279, -0.05800107, 131.1739, 21.58164
14.31969, 27.38828, -52.44418, -0.05797043, 131.2346, 22.46623
14.34693, 27.19165, -52.75692, -0.05788434, 131.3506, 44.08323
14.37348, 27.15219, -52.91753, -0.05784354, 131.4091, 23.17772
14.40268, 26.9425, -53.23848, -0.0578122, 131.524, 42.02671
14.43015, 26.90857, -53.40339, -0.05781576, 131.5819, 22.90579
14.45714, 26.86463, -53.56982, -0.05782464, 131.6396, 23.49368
14.48588, 26.65434, -53.89569, -0.0578652, 131.7507, 43.1265
14.51491, 26.6175, -54.06116, -0.05789396, 131.806, 21.63289
14.54177, 26.40956, -54.3954, -0.05796167, 131.9154, 47.14196
14.56851, 26.36191, -54.56359, -0.0579894, 131.9694, 23.78258
14.59619, 26.31402, -54.73181, -0.05800799, 132.0226, 22.94859
14.62334, 26.09458, -55.07469, -0.05799603, 132.1288, 47.59419
14.65246, 26.04627, -55.24484, -0.05797162, 132.1805, 21.98282
14.68011, 25.82677, -55.59406, -0.05789519, 132.2842, 47.43413
14.70754, 25.77991, -55.76597, -0.05786358, 132.3344, 23.49679
14.73554, 25.72663, -55.94393, -0.05783625, 132.3855, 23.81337
14.7649, 25.49903, -56.29755, -0.05783129, 132.485, 45.03617
14.7921, 25.45652, -56.47471, -0.05785342, 132.5339, 24.3287
14.81922, 25.40459, -56.65098, -0.05789309, 132.5819, 24.24709
14.84871, 25.16244, -57.01458, -0.05798114, 132.6783, 45.92481
14.87631, 25.11996, -57.1937, -0.05801689, 132.7247, 24.13447
14.90433, 24.87719, -57.56065, -0.05803773, 132.8175, 48.62096
14.93471, 24.82228, -57.74529, -0.05801748, 132.8631, 22.53934
14.96415, 24.59189, -58.11292, -0.05795179, 132.9519, 46.24802
14.99174, 24.54222, -58.29963, -0.05791753, 132.9957, 25.01855
15.02011, 24.29316, -58.67415, -0.05787882, 133.0816, 48.7716
15.04778, 24.23607, -58.86368, -0.05787873, 133.1237, 25.25831
15.07458, 24.17843, -59.04979, -0.0578988, 133.1646, 25.59488
15.10264, 23.92335, -59.42945, -0.05797276, 133.2451, 49.80193
15.13271, 23.86631, -59.6183, -0.05801578, 133.2839, 23.07773
15.15969, 23.81601, -59.80801, -0.05805227, 133.322, 25.8191
15.18832, 23.55799, -60.19316, -0.05807279, 133.3959, 49.30894
15.21834, 23.50041, -60.38447, -0.05805918, 133.4313, 23.33085
15.24675, 23.26038, -60.76683, -0.0580057, 133.4994, 49.22079
15.27394, 23.20037, -60.96124, -0.05798106, 133.5326, 26.10542
15.30331, 22.94451, -61.34862, -0.05796074, 133.5956, 48.11221
15.33154, 22.88685, -61.54542, -0.05795779, 133.6263, 25.40126
15.35874, 22.82565, -61.7408, -0.0579587, 133.6558, 26.1528
15.38783, 22.56403, -62.13526, -0.05795698, 133.7127, 49.32596
15.42132, 22.31507, -62.52554, -0.05796444, 133.7656, 42.32713
15.4519, 22.27553, -62.72557, -0.05797196, 133.7913, 23.74464
15.48182, 22.03002, -63.1194, -0.05800403, 133.8397, 47.73166
15.51054, 21.97538, -63.31707, -0.05802853, 133.8628, 24.94651
15.53962, 21.91275, -63.5171, -0.0580528, 133.8851, 24.92168
15.57002, 21.65309, -63.91668, -0.0580802, 133.9275, 47.58765
15.59872, 21.59718, -64.11613, -0.05807404, 133.9477, 25.14293
15.62819, 21.33281, -64.51665, -0.05802327, 133.9856, 49.15219
15.65764, 21.27233, -64.7159, -0.05799238, 134.0033, 24.44521
15.68751, 21.01116, -65.11511, -0.05795645, 134.037, 48.28428
15.71653, 20.94801, -65.3183, -0.05795309, 134.0532, 25.29041
15.74459, 20.6818, -65.71894, -0.05798677, 134.0833, 51.55046
15.77438, 20.61148, -65.92008, -0.05800935, 134.0974, 24.36318
15.80284, 20.34537, -66.32359, -0.05803637, 134.1242, 51.14916
15.83543, 20.27269, -66.52819, -0.05803409, 134.1369, 22.64795
15.86577, 20.01933, -66.93185, -0.05801533, 134.1604, 47.97947
15.89637, 19.96058, -67.13107, -0.05801253, 134.1714, 23.47351
15.92629, 19.69883, -67.53355, -0.05803093, 134.1921, 48.47861
15.95683, 19.63405, -67.73657, -0.05804981, 134.2018, 23.95964
15.9884, 19.36635, -68.14322, -0.05807718, 134.2202, 46.42487
16.0188, 19.31055, -68.34605, -0.05806941, 134.2289, 24.03966
16.05064, 19.04872, -68.74725, -0.05793604, 134.245, 45.401
16.08144, 18.78892, -69.15331, -0.05743938, 134.2601, 47.49514
16.11094, 18.72903, -69.35786, -0.05717872, 134.2674, 24.98011
16.14055, 18.4603, -69.76137, -0.0568359, 134.2809, 49.08544
16.17154, 18.39565, -69.96339, -0.0567946, 134.2874, 23.47872
16.20179, 18.13433, -70.36835, -0.05695536, 134.2998, 48.2175
16.23273, 18.07075, -70.57445, -0.05710687, 134.3059, 23.99226
16.26408, 17.8093, -70.97916, -0.05741988, 134.3176, 46.48526
16.29402, 17.75181, -71.18273, -0.05753287, 134.3233, 24.48821
16.32479, 17.48773, -71.58636, -0.05727102, 134.3343, 47.24907
16.35727, 17.42652, -71.79188, -0.05706171, 134.3397, 22.78643
16.388, 17.17474, -72.1968, -0.05675961, 134.3503, 47.43875
16.42033, 16.91194, -72.60333, -0.05672357, 134.3607, 45.29134
16.4526, 16.86212, -72.80579, -0.05678314, 134.3658, 22.59101
16.48551, 16.60882, -73.21032, -0.05692972, 134.3758, 44.27203
16.51657, 16.56428, -73.4099, -0.05698026, 134.3807, 23.1349
16.54632, 16.31087, -73.80984, -0.05699806, 134.3903, 48.40684
16.57557, 16.2501, -74.01121, -0.05697272, 134.3951, 24.78951
16.60518, 15.98689, -74.41134, -0.05690011, 134.4045, 48.66435
16.63941, 15.92135, -74.616, -0.05686908, 134.4093, 21.53464
16.67184, 15.68599, -75.0127, -0.05687565, 134.4184, 44.04338
16.70589, 15.43877, -75.41327, -0.05694633, 134.4275, 42.35521
16.73793, 15.40182, -75.61075, -0.05698494, 134.432, 22.19475
16.76764, 15.15092, -76.01237, -0.05700245, 134.4411, 48.68533
16.79868, 15.09566, -76.20912, -0.05698259, 134.4456, 22.82242
16.82803, 14.84311, -76.60686, -0.05690871, 134.4546, 48.80077
16.85882, 14.78641, -76.80124, -0.05687917, 134.459, 22.73386
16.88888, 14.53748, -77.19509, -0.05685535, 134.4679, 47.17486
16.92252, 14.28229, -77.59206, -0.05688776, 134.4767, 42.49283
16.95329, 14.24557, -77.78893, -0.05691375, 134.4812, 23.03916
16.98392, 13.99498, -78.18288, -0.056944, 134.4899, 46.31585
17.01492, 13.94599, -78.37741, -0.05695163, 134.4943, 22.59538
17.04395, 13.70299, -78.76627, -0.05696046, 134.503, 48.23727
17.0742, 13.64481, -78.96125, -0.0569635, 134.5074, 23.2126
17.10535, 13.39626, -79.35288, -0.05694851, 134.5162, 45.26357
17.13717, 13.35299, -79.54287, -0.05694011, 134.5204, 21.50253
17.16862, 13.1188, -79.92891, -0.0569174, 134.5293, 44.20419
17.20196, 12.88466, -80.30965, -0.05691992, 134.5379, 41.11555
17.23452, 12.8546, -80.49697, -0.05693505, 134.5422, 20.71861
17.26644, 12.63241, -80.87263, -0.05697225, 134.5509, 42.3778
17.29856, 12.59881, -81.05637, -0.05699369, 134.5551, 20.60014
17.32918, 12.38089, -81.42556, -0.05701282, 134.5635, 43.41128
17.36236, 12.16857, -81.78263, -0.05701768, 134.5717, 38.7548
17.39429, 12.14678, -81.96019, -0.05701577, 134.5757, 20.02622
17.42513, 11.9449, -82.31414, -0.05699792, 134.5838, 41.33224
17.45646, 11.91878, -82.48659, -0.05698016, 134.5878, 19.81659
17.4876, 11.72668, -82.82616, -0.05694013, 134.5958, 39.27285
17.51825, 11.7065, -82.99203, -0.05693018, 134.5996, 19.48466
17.55092, 11.51427, -83.32876, -0.05691895, 134.6075, 37.1188
17.59122, 11.34075, -83.65615, -0.05690283, 134.6151, 29.2575
17.62948, 11.20957, -83.97664, -0.05689138, 134.6225, 30.15668
17.67107, 11.07809, -84.28809, -0.05691501, 134.6296, 26.96462
17.71105, 10.96246, -84.59988, -0.05695795, 134.6366, 28.08302
17.74433, 10.85265, -84.89837, -0.0569868, 134.6432, 32.29814
17.77615, 10.86287, -85.04591, -0.05698632, 134.6465, 16.69705
17.82608, 10.57008, -85.48946, -0.05686893, 134.6565, 31.98871
17.86659, 10.51966, -85.77628, -0.05677418, 134.6632, 25.49718
17.90554, 10.43061, -86.0565, -0.05676091, 134.6698, 25.90548
17.94322, 10.33448, -86.33475, -0.05681825, 134.6762, 26.59482
17.982, 10.23962, -86.6082, -0.05688351, 134.6825, 25.39091
18.01597, 10.28742, -86.74213, -0.05690276, 134.6856, 14.19462
18.04922, 10.18051, -87.00909, -0.05689906, 134.6916, 28.91286
18.08276, 10.07976, -87.26706, -0.05686404, 134.6973, 27.70016
18.1159, 10.10789, -87.396, -0.05684374, 134.7, 14.00752
18.14995, 10.01254, -87.64892, -0.05681691, 134.7054, 26.74723
18.18613, 9.921222, -87.89968, -0.05679929, 134.7106, 24.9576
18.22803, 9.843913, -88.14761, -0.05676818, 134.7155, 21.3061
18.26712, 9.792699, -88.39616, -0.05671588, 134.7201, 22.8966
18.30597, 9.732388, -88.63946, -0.0566788, 134.7242, 22.54379
18.3386, 9.792682, -88.76187, -0.05667781, 134.7261, 13.50891
18.37061, 9.70701, -89.00059, -0.05672781, 134.7294, 26.84629
18.4029, 9.615865, -89.24119, -0.0568124, 134.7321, 26.82757
18.43613, 9.650273, -89.35928, -0.05684759, 134.7333, 12.79265
18.46789, 9.564335, -89.60013, -0.05684852, 134.7354, 27.30196
18.49968, 9.599371, -89.71483, -0.05682184, 134.7363, 12.99241
18.52952, 9.50849, -89.95367, -0.05672748, 134.7375, 28.81218
18.56329, 9.412475, -90.18909, -0.05663897, 134.7384, 25.09522
18.6021, 9.334766, -90.42505, -0.05661452, 134.7389, 21.88648
18.64003, 9.284657, -90.65587, -0.05666482, 134.7389, 21.91107
18.67814, 9.342581, -90.77634, -0.05670088, 134.7387, 11.38071
18.71873, 9.287198, -91.01199, -0.05676412, 134.7384, 20.89816
18.75128, 9.241256, -91.24779, -0.05678247, 134.7377, 26.08167
18.78402, 9.156083, -91.48543, -0.05673724, 134.737, 26.12545
18.81613, 9.191315, -91.60424, -0.05670358, 134.7365, 13.32039
18.84613, 9.107461, -91.83793, -0.05666241, 134.7356, 28.04422
18.87877, 9.127763, -91.95887, -0.05666045, 134.7351, 13.33964
18.91021, 9.045691, -92.19468, -0.05669571, 134.734, 27.00648
18.94219, 8.955563, -92.43278, -0.05674305, 134.7329, 26.80152
18.97508, 8.991635, -92.54691, -0.05676667, 134.7323, 12.49069
19.00555, 8.905102, -92.78781, -0.05676633, 134.731, 28.46192
19.03675, 8.934055, -92.90309, -0.056755, 134.7304, 13.30174
19.07451, 8.838775, -93.14536, -0.05670059, 134.729, 23.09847
19.11378, 8.777218, -93.38429, -0.05664991, 134.7276, 21.90483
19.15866, 8.72416, -93.62254, -0.05663137, 134.7262, 19.11372
19.19647, 8.691403, -93.86685, -0.05665558, 134.7246, 23.25924
19.23009, 8.62915, -94.10732, -0.05671504, 134.7229, 25.75327
19.26112, 8.547379, -94.34702, -0.05676944, 134.7211, 27.80283
19.29289, 8.569468, -94.47159, -0.05678079, 134.7202, 14.11509
19.33208, 8.479036, -94.71117, -0.05678371, 134.7182, 22.01372
19.37158, 8.415936, -94.95969, -0.05673602, 134.7161, 22.64628
19.4098, 8.360218, -95.20212, -0.05668132, 134.714, 22.84065
19.44787, 8.29648, -95.44551, -0.05665198, 134.7117, 23.0137
19.48777, 8.223616, -95.69824, -0.05665056, 134.7093, 22.80249
19.52048, 8.163196, -95.94737, -0.05667245, 134.7066, 27.42516
19.55479, 8.192811, -96.07156, -0.05668752, 134.7052, 13.02789
19.58665, 8.102082, -96.32338, -0.05671987, 134.7022, 28.45609
19.61821, 8.125573, -96.44981, -0.0567338, 134.7005, 14.42428
19.6502, 8.022178, -96.70274, -0.0567568, 134.697, 28.47134
19.68971, 7.917647, -96.95783, -0.05674859, 134.6931, 23.24389
19.73408, 7.841425, -97.22016, -0.05669876, 134.6888, 21.28645
19.77596, 7.788832, -97.48178, -0.05664727, 134.6843, 22.49334
19.81798, 7.726184, -97.74117, -0.05663782, 134.6794, 22.22518
19.8502, 7.656847, -98.00826, -0.05668219, 134.6741, 29.84883
19.88247, 7.541933, -98.27518, -0.05675624, 134.6684, 29.78314
19.9141, 7.558301, -98.41095, -0.05678114, 134.6654, 15.4572
19.94607, 7.4369, -98.68158, -0.05679151, 134.6592, 30.48417
19.97902, 7.452641, -98.81643, -0.05677339, 134.656, 14.73453
20.01178, 7.334286, -99.09023, -0.05671145, 134.6492, 30.0981
20.04329, 7.215858, -99.36298, -0.05666419, 134.642, 31.17954
20.07843, 7.221407, -99.50594, -0.05665325, 134.6379, 14.65124
20.12387, 6.968844, -99.92417, -0.05670664, 134.6249, 33.15104
20.1705, 6.903214, -100.2037, -0.05676344, 134.6154, 21.59496
20.21614, 6.83547, -100.4913, -0.0567869, 134.605, 22.69469
20.25687, 6.764122, -100.7779, -0.05677574, 134.5943, 25.3469
20.29095, 6.670546, -101.0637, -0.05674557, 134.5835, 30.21926
20.32454, 6.538362, -101.3574, -0.05671646, 134.5722, 31.5043
20.35765, 6.552317, -101.5019, -0.05671389, 134.5666, 15.72688
20.39084, 6.413374, -101.7983, -0.05672045, 134.5552, 32.16265
20.42593, 6.27564, -102.0941, -0.05674521, 134.5438, 30.3658
20.45891, 6.294014, -102.2415, -0.05675707, 134.5381, 16.10786
20.49086, 6.152832, -102.5401, -0.05677097, 134.5265, 33.66973
20.52752, 6.007698, -102.8379, -0.05677282, 134.515, 29.26611
20.56615, 5.877263, -103.1437, -0.05676111, 134.5031, 28.51279
20.60488, 5.757305, -103.4482, -0.05675516, 134.4912, 28.33471
20.64374, 5.638562, -103.7521, -0.05675773, 134.4794, 28.17348
20.67856, 5.664369, -103.9104, -0.05675605, 134.4732, 16.37638
20.71151, 5.524431, -104.2175, -0.05676449, 134.4612, 33.58105
20.74326, 5.368717, -104.5322, -0.05676546, 134.4489, 35.71326
20.77512, 5.366836, -104.6847, -0.05677204, 134.4429, 17.2428
20.80749, 5.203192, -105.0026, -0.05677124, 134.4305, 35.37686
20.84143, 5.044251, -105.3183, -0.05677874, 134.4181, 33.50679
20.87419, 5.045507, -105.4782, -0.05678179, 134.4118, 17.5936
20.90606, 4.892609, -105.7897, -0.05681445, 134.3996, 35.21313
20.93771, 4.882487, -105.9518, -0.05682744, 134.3932, 18.44748
20.96757, 4.720483, -106.2683, -0.05683416, 134.3808, 38.18087
20.99762, 4.701184, -106.4305, -0.05682196, 134.3745, 19.44957
21.03591, 4.528048, -106.7499, -0.05679024, 134.3619, 30.05848
21.07414, 4.389572, -107.0747, -0.05675365, 134.3492, 30.60357
21.11347, 4.247369, -107.4039, -0.05671833, 134.3364, 30.16003
21.15218, 4.109683, -107.7334, -0.05670706, 134.3235, 30.66219
21.18545, 3.967087, -108.0648, -0.0567365, 134.3104, 35.89434
21.21775, 3.959635, -108.2314, -0.05676929, 134.3039, 18.57805
21.24745, 3.788148, -108.5634, -0.05686216, 134.2907, 40.28527
21.27972, 3.765052, -108.7297, -0.0569053, 134.2842, 18.56085
21.31258, 3.590982, -109.0657, -0.05693226, 134.2708, 36.8444
21.34242, 3.421426, -109.4016, -0.05688272, 134.2576, 40.54353
21.37472, 3.39297, -109.5746, -0.05683085, 134.2508, 19.30274
21.40534, 3.220492, -109.912, -0.05672361, 134.2377, 39.69426
21.438, 3.197034, -110.0835, -0.05668642, 134.2311, 18.91694
21.46862, 3.0222, -110.4269, -0.05668183, 134.2179, 40.39805
21.50173, 2.840812, -110.7699, -0.05676316, 134.2047, 37.32136
21.53236, 2.831065, -110.9391, -0.05682657, 134.1981, 19.90454
21.56265, 2.648679, -111.2868, -0.05693528, 134.1847, 41.35615
21.59763, 2.621866, -111.462, -0.0569569, 134.1779, 18.0481
21.63566, 2.460083, -111.8116, -0.05691215, 134.1644, 33.1132
21.67562, 2.314209, -112.1615, -0.05680101, 134.1509, 31.54927
21.7142, 2.178194, -112.5133, -0.05671304, 134.1373, 32.85287
21.75125, 2.037, -112.8695, -0.05670777, 134.1237, 34.62936
21.78148, 1.895288, -113.2268, -0.05678691, 134.1101, 42.57126
21.81273, 1.869939, -113.4066, -0.05683605, 134.1032, 20.74213
21.84534, 1.715547, -113.7645, -0.05691474, 134.0897, 39.53498
21.87737, 1.703172, -113.9425, -0.05693401, 134.0829, 20.01569
21.91034, 1.566208, -114.3015, -0.0569222, 134.0692, 39.23447
21.94213, 1.450246, -114.6622, -0.05687807, 134.0554, 40.87018
21.97399, 1.435849, -114.8467, -0.05684625, 134.0483, 20.86744
22.00537, 1.341062, -115.2085, -0.05679356, 134.0344, 41.54193
22.03715, 1.331499, -115.3917, -0.05677393, 134.0274, 20.76183
22.06891, 1.271695, -115.7565, -0.0567666, 134.0135, 41.3896
22.09929, 1.268754, -115.9389, -0.0567824, 134.0066, 21.6252
22.13057, 1.249164, -116.3065, -0.05683884, 133.9925, 42.33469
22.16265, 1.261326, -116.6744, -0.05690481, 133.9783, 41.31648
22.19274, 1.272542, -116.8584, -0.056928, 133.9711, 22.03412
22.22373, 1.286551, -117.2269, -0.05693812, 133.9568, 42.83186
22.25792, 1.294746, -117.4142, -0.05692015, 133.9495, 19.73433
22.29516, 1.309335, -117.7838, -0.05687008, 133.9352, 35.75477
22.33515, 1.318124, -118.1544, -0.05682022, 133.9208, 33.39858
22.37442, 1.324456, -118.5307, -0.05678494, 133.9064, 34.51854
22.41193, 1.332086, -118.9022, -0.05679294, 133.8921, 35.67594
22.44391, 1.339212, -119.2763, -0.05684347, 133.8776, 42.15133
22.47559, 1.345132, -119.4644, -0.05687581, 133.8703, 21.39285
22.50918, 1.349878, -119.8372, -0.05693936, 133.8558, 39.97787
22.54164, 1.356668, -120.2144, -0.05695909, 133.8411, 41.86412
22.5755, 1.362298, -120.4018, -0.05694864, 133.8339, 19.9368
22.60893, 1.368738, -120.7765, -0.05690007, 133.8193, 40.38243
22.64098, 1.374704, -121.1537, -0.05684953, 133.8048, 42.40681
22.67395, 1.380533, -121.3436, -0.05682635, 133.7975, 20.74383
22.70676, 1.386423, -121.7205, -0.05679911, 133.783, 41.38181
22.73923, 1.392496, -121.9111, -0.0567956, 133.7757, 21.15226
22.77024, 1.398172, -122.2904, -0.05682383, 133.761, 44.05076
22.80345, 1.403192, -122.6676, -0.05688168, 133.7463, 40.93398
22.83514, 1.40957, -122.8549, -0.05692539, 133.739, 21.29849
22.86539, 1.417063, -123.2338, -0.05701694, 133.7243, 45.10704
22.89716, 1.422022, -123.4226, -0.0570519, 133.7169, 21.40866
22.92939, 1.426858, -123.7998, -0.05707252, 133.7023, 42.18032
22.96095, 1.433435, -124.1799, -0.05701911, 133.6876, 43.38035
22.99282, 1.438043, -124.3703, -0.0569678, 133.6802, 21.52886
23.02535, 1.445398, -124.7498, -0.0568524, 133.6654, 42.03133
23.05725, 1.451242, -124.9399, -0.05681084, 133.658, 21.46088
23.088, 1.458261, -125.3203, -0.05680772, 133.6432, 44.57375
23.12012, 1.462656, -125.6968, -0.05693556, 133.6287, 42.21923
23.15065, 1.469003, -125.8856, -0.05701844, 133.6215, 22.28871
23.18296, 1.480189, -126.2628, -0.05714925, 133.6069, 42.05767
23.21531, 1.485788, -126.4516, -0.05717435, 133.5995, 21.0189
23.24824, 1.505505, -126.83, -0.05712873, 133.5847, 41.40219
23.28053, 1.522199, -127.2081, -0.05699068, 133.5697, 42.19254
23.31295, 1.530759, -127.3968, -0.0569165, 133.5622, 20.97097
23.34473, 1.556656, -127.7736, -0.05682529, 133.5472, 42.71594
23.37832, 1.568796, -127.9633, -0.05682145, 133.5397, 20.34117
23.41024, 1.623585, -128.3357, -0.05690558, 133.525, 42.04538
23.44248, 1.709146, -128.7112, -0.05705198, 133.5104, 41.94667
23.47592, 1.728503, -128.8972, -0.05711666, 133.5032, 20.04815
23.50829, 1.838247, -129.2753, -0.05715171, 133.4886, 42.08729
23.54151, 1.96327, -129.6489, -0.05706649, 133.4741, 40.51418
23.57398, 1.987364, -129.8378, -0.05699434, 133.4668, 20.957
23.60563, 2.12974, -130.2069, -0.05687977, 133.4524, 42.02005
23.63787, 2.159034, -130.391, -0.05686352, 133.4453, 20.56527
23.66975, 2.316968, -130.7634, -0.05691487, 133.4308, 42.09085
23.70251, 2.485656, -131.1354, -0.05701332, 133.4165, 40.90662
23.73361, 2.515016, -131.3231, -0.05704466, 133.4093, 21.73981
23.76486, 2.69051, -131.6893, -0.05705481, 133.3953, 42.21794
23.79653, 2.724505, -131.8743, -0.05703875, 133.3883, 21.04202
23.82902, 2.909618, -132.2469, -0.05698851, 133.3741, 41.32898
23.86141, 3.093665, -132.6161, -0.05694294, 133.3599, 41.0608
23.89356, 3.124142, -132.801, -0.05693053, 133.3529, 20.71057
23.92639, 3.311398, -133.167, -0.0569471, 133.3388, 40.17309
23.95848, 3.341651, -133.3532, -0.0569653, 133.3315, 20.90569
23.99103, 3.533983, -133.7207, -0.05700089, 133.3172, 40.67223
24.02404, 3.728572, -134.0897, -0.05701471, 133.3029, 40.27614
24.05707, 3.754373, -134.2711, -0.05701325, 133.2957, 19.77879
24.08974, 3.944766, -134.6349, -0.05700004, 133.2815, 40.12222
24.12245, 4.140682, -135.0014, -0.05699521, 133.2672, 40.36478
24.15685, 4.167071, -135.1817, -0.05699512, 133.2601, 18.88401
24.19024, 4.355521, -135.5464, -0.05697955, 133.2461, 39.34895
24.22342, 4.55122, -135.913, -0.05694729, 133.2319, 39.80306
24.25661, 4.572268, -136.0895, -0.05694092, 133.2252, 19.15936
24.2896, 4.767828, -136.4534, -0.05694498, 133.2111, 39.74379
24.3226, 4.964159, -136.8166, -0.05696946, 133.1971, 39.64604
24.35692, 4.988097, -136.9953, -0.05698732, 133.1902, 18.76095
24.3899, 5.182017, -137.3609, -0.05700785, 133.176, 39.93348
24.42346, 5.373003, -137.7162, -0.05700777, 133.1622, 38.14373
24.4588, 5.397928, -137.8986, -0.0569977, 133.1552, 18.5978
24.49169, 5.585022, -138.2603, -0.05696951, 133.1411, 39.61361
24.52559, 5.779144, -138.6171, -0.05694786, 133.1272, 37.92577
24.56043, 5.974671, -138.9799, -0.05693794, 133.113, 37.51004
24.59417, 5.987813, -139.1556, -0.05694675, 133.1061, 18.76048
24.62932, 6.177943, -139.5116, -0.0569837, 133.0922, 36.48739
24.66329, 6.360322, -139.8653, -0.05703554, 133.0784, 37.51274
24.69658, 6.380877, -140.0448, -0.05704647, 133.0714, 19.43237
24.7299, 6.572147, -140.3993, -0.05701916, 133.0577, 38.32526
24.76493, 6.762815, -140.7521, -0.05695463, 133.044, 36.29341
24.79921, 6.778189, -140.9314, -0.05691933, 133.037, 18.83933
24.83141, 6.961467, -141.2812, -0.05688524, 133.0234, 39.13766
24.86538, 7.159757, -141.6365, -0.05691248, 133.0097, 37.69207
24.8989, 7.176179, -141.8121, -0.05694073, 133.0029, 18.86322
24.93226, 7.361927, -142.1598, -0.05700796, 132.9893, 37.56542
24.96734, 7.54946, -142.5094, -0.05704919, 132.9759, 35.8968
25.00134, 7.730688, -142.8593, -0.05702924, 132.9623, 37.08464
25.03578, 7.744914, -143.0329, -0.05700083, 132.9556, 18.15059
25.07038, 7.929493, -143.3838, -0.05692675, 132.9421, 36.54609
25.10496, 8.112271, -143.7328, -0.05687078, 132.9286, 36.36591
25.13943, 8.122065, -143.9051, -0.05686569, 132.9221, 17.99539
25.17429, 8.304719, -144.2527, -0.0569051, 132.9087, 35.93573
25.20858, 8.480989, -144.5962, -0.05698904, 132.8955, 36.08096
25.24448, 8.66579, -144.9464, -0.05704519, 132.8821, 35.13822
25.27878, 8.670458, -145.1181, -0.0570487, 132.8755, 18.04691
25.31351, 8.848077, -145.461, -0.05700838, 132.8624, 35.56668
25.34775, 9.030693, -145.8097, -0.05693139, 132.849, 36.68313
25.38222, 9.209601, -146.153, -0.05687978, 132.8359, 35.88393
25.41511, 9.216592, -146.321, -0.05688258, 132.8295, 18.39885
25.44737, 9.402028, -146.6644, -0.05692736, 132.8164, 38.3477
25.4809, 9.587024, -147.0032, -0.05700374, 132.8034, 36.41579
25.5156, 9.600629, -147.1743, -0.05703112, 132.7968, 17.76541
25.55158, 9.77179, -147.5119, -0.05704607, 132.7839, 33.79967
25.58816, 9.941485, -147.8524, -0.05698358, 132.7707, 33.53205
25.62353, 10.10623, -148.1918, -0.05688899, 132.7577, 34.569
25.6584, 10.11045, -148.3615, -0.05685159, 132.7512, 17.53175
25.69292, 10.28152, -148.6981, -0.05683906, 132.7382, 35.11988
25.72748, 10.45284, -149.0343, -0.05691055, 132.7252, 35.05891
25.76197, 10.62728, -149.3736, -0.05699678, 132.7121, 35.44109
25.79838, 10.63517, -149.5431, -0.05702106, 132.7056, 16.76749
25.83392, 10.80247, -149.8833, -0.05700494, 132.6924, 34.48616
25.86771, 10.9688, -150.219, -0.05694347, 132.6795, 35.79815
25.90234, 11.14119, -150.5515, -0.05691871, 132.6667, 34.59129
25.9384, 11.14839, -150.7213, -0.05692158, 132.6601, 16.95659
25.97305, 11.30943, -151.0531, -0.05694974, 132.6473, 34.49706
26.00898, 11.47703, -151.3867, -0.05697366, 132.6344, 33.46168
26.04403, 11.64241, -151.7219, -0.05696473, 132.6213, 34.45056
26.07869, 11.64521, -151.8888, -0.05694578, 132.6149, 17.34453
26.11383, 11.81409, -152.223, -0.05689765, 132.602, 34.26889
26.14807, 11.97834, -152.5535, -0.05687496, 132.5892, 34.76818
26.18283, 12.14348, -152.8808, -0.05690734, 132.5765, 33.9245
26.22035, 12.30935, -153.2109, -0.05695106, 132.5636, 31.70436
26.25693, 12.29773, -153.3754, -0.05696461, 132.5571, 16.19382
26.29204, 12.45755, -153.7092, -0.05692908, 132.5439, 34.24964
26.3273, 12.61677, -154.035, -0.05684019, 132.5311, 33.30173
26.3635, 12.77284, -154.3583, -0.0567749, 132.5184, 32.17402
26.39865, 12.7724, -154.5275, -0.05676135, 132.5118, 17.33832
26.43455, 12.93233, -154.8539, -0.05679342, 132.4991, 32.75399
26.46916, 13.08751, -155.1783, -0.05686873, 132.4864, 33.77192
26.50514, 13.24942, -155.5049, -0.05693551, 132.4736, 32.70662
26.54039, 13.40558, -155.831, -0.05693351, 132.4608, 33.33082
26.57681, 13.40377, -155.995, -0.05690666, 132.4545, 16.22708
26.61292, 13.5596, -156.3229, -0.05682044, 132.4416, 32.70774
26.65077, 13.71272, -156.6469, -0.05674369, 132.429, 30.83936
26.68642, 13.85959, -156.973, -0.0567303, 132.4163, 32.95456
26.72403, 14.01583, -157.2979, -0.05678716, 132.4037, 31.12557
26.75952, 14.00238, -157.4608, -0.05682377, 132.3974, 16.53422
26.79579, 14.15213, -157.7785, -0.05690057, 132.3851, 31.56595
26.83209, 14.30446, -158.1008, -0.05693836, 132.3724, 31.98278
26.86899, 14.45711, -158.4259, -0.05690533, 132.3596, 31.7365
26.90824, 14.59955, -158.7427, -0.05682223, 132.3471, 29.07946
26.94416, 14.73591, -159.0648, -0.05674622, 132.3343, 32.31383
26.98071, 14.88616, -159.3854, -0.05673265, 132.3217, 31.59937
27.01606, 14.87624, -159.5471, -0.05674578, 132.3155, 16.47539
27.05194, 15.03068, -159.8674, -0.05679623, 132.3029, 32.16607
27.09041, 15.18053, -160.1879, -0.05684379, 132.2905, 30.01015
27.12852, 15.32079, -160.5092, -0.05686621, 132.2781, 30.3768
27.16558, 15.46047, -160.8289, -0.05686553, 132.2658, 31.07784
27.20167, 15.60821, -161.1516, -0.05683545, 132.2533, 32.21608
27.23985, 15.5996, -161.3124, -0.05681413, 132.2471, 15.16636
27.27633, 15.73923, -161.6318, -0.05678393, 132.2348, 31.5466
27.31431, 15.88485, -161.9507, -0.05679136, 132.2226, 30.25117
27.3505, 16.02874, -162.2736, -0.05681013, 132.2105, 32.14513
27.38834, 16.17639, -162.5931, -0.05682237, 132.1987, 30.40921
27.42587, 16.31416, -162.9114, -0.05683338, 132.1875, 30.5591
27.46294, 16.45711, -163.2307, -0.0568436, 132.1763, 31.02408
27.50032, 16.60484, -163.5547, -0.05683441, 132.1651, 31.22215
27.53898, 16.58912, -163.7138, -0.0568208, 132.1597, 14.82233
27.57843, 16.72352, -164.0319, -0.05679182, 132.149, 29.04823
27.61581, 16.86173, -164.3571, -0.05676977, 132.1383, 31.33642
27.65211, 17.005, -164.677, -0.05677585, 132.1279, 31.7466
27.69054, 17.15046, -164.9952, -0.05681138, 132.1177, 29.82316
27.72771, 17.29031, -165.3163, -0.05685945, 132.1077, 31.11333
27.76703, 17.43254, -165.6342, -0.05688683, 132.0978, 29.12002
27.80325, 17.5716, -165.9599, -0.05686036, 132.0877, 32.38745
27.84106, 17.71627, -166.2764, -0.05679889, 132.078, 30.15007
27.87817, 17.70301, -166.4407, -0.05676373, 132.0731, 15.9413
27.91528, 17.84359, -166.7573, -0.05673889, 132.0636, 30.72735
27.9517, 17.99062, -167.0805, -0.0567757, 132.0542, 31.95924
27.99236, 18.13494, -167.3982, -0.05685064, 132.0451, 28.13759
28.02954, 18.26606, -167.7216, -0.0568851, 132.036, 31.32827
28.06845, 18.41162, -168.0429, -0.05685959, 132.0271, 29.73652
28.10657, 18.54761, -168.3644, -0.0567947, 132.0184, 30.37619
28.14547, 18.69052, -168.6876, -0.05675155, 132.0098, 29.92208
28.18361, 18.82535, -169.0069, -0.05675838, 132.0015, 30.14969
28.22241, 18.9715, -169.3343, -0.05678812, 131.9931, 30.38811
28.26061, 19.10768, -169.6541, -0.05683577, 131.9851, 30.14787
28.29918, 19.08645, -169.8127, -0.05686355, 131.9812, 14.80719
28.33644, 19.22796, -170.1376, -0.05689513, 131.9735, 31.39652
28.37627, 19.37281, -170.4588, -0.05687297, 131.9661, 29.0415
28.41465, 19.50839, -170.7836, -0.05680371, 131.9587, 30.47195
28.45516, 19.64693, -171.1057, -0.05674418, 131.9518, 28.63339
28.49461, 19.78007, -171.4294, -0.05674218, 131.9449, 29.54384
28.53417, 19.91669, -171.7538, -0.05679133, 131.9384, 29.52703
28.57481, 20.05296, -172.0771, -0.05684698, 131.9321, 28.64337
28.61349, 20.18664, -172.4054, -0.05685114, 131.9261, 30.55673
28.65306, 20.33132, -172.7336, -0.05680544, 131.9205, 29.85988
28.69288, 20.47005, -173.0602, -0.0567685, 131.9151, 29.54275
28.73264, 20.60543, -173.3854, -0.05678602, 131.9102, 29.44364
28.77049, 20.74273, -173.7125, -0.05684849, 131.9056, 31.11619
28.81043, 20.89009, -174.041, -0.05689494, 131.9015, 29.61102
28.85001, 21.02894, -174.3692, -0.05687383, 131.8977, 29.85411
28.88868, 21.17476, -174.7043, -0.0567835, 131.8945, 31.19649
28.93118, 21.31928, -175.0342, -0.05669621, 131.8917, 27.94573
28.97162, 21.44804, -175.3651, -0.05669546, 131.8895, 29.44852
29.01247, 21.59154, -175.7018, -0.05678585, 131.8879, 29.67405
29.05216, 21.72991, -176.0356, -0.0568953, 131.8867, 30.28536
29.0924, 21.87232, -176.3683, -0.05695098, 131.8863, 29.75537
29.13323, 22.0147, -176.7042, -0.05691785, 131.8866, 29.62162
29.17265, 22.15352, -177.0387, -0.05683791, 131.8875, 30.54789
29.21404, 22.30493, -177.378, -0.05675134, 131.889, 29.51259
29.2543, 22.44802, -177.7204, -0.05668589, 131.8912, 30.61597
29.29478, 22.59541, -178.0598, -0.05668675, 131.8938, 30.18689
29.33708, 22.7427, -178.4016, -0.05675819, 131.8968, 29.09616
29.37893, 22.88413, -178.7459, -0.056862, 131.9003, 29.60892
29.42131, 23.19609, -179.2603, -0.05696844, 131.9063, 43.70664
29.46302, 23.33985, -179.6076, -0.05693948, 131.9108, 29.97893
29.50502, 23.48605, -179.9535, -0.05684335, 131.9155, 29.64946
29.54845, 23.62576, -180.2948, -0.05676549, 131.9202, 28.29876
29.59153, 23.76593, -180.6428, -0.05674153, 131.9253, 29.08107
29.63294, 23.91262, -180.9952, -0.0567544, 131.9305, 30.63914
29.67489, 24.06022, -181.3406, -0.0568027, 131.9357, 29.63806
29.71633, 24.21326, -181.6944, -0.05685078, 131.9412, 30.74667
29.76013, 24.53521, -182.2159, -0.05691918, 131.9494, 42.86205
29.80288, 24.67988, -182.5703, -0.05691506, 131.9553, 29.85397
29.84564, 24.82774, -182.9221, -0.0568617, 131.9612, 29.62424
29.88825, 24.98263, -183.2809, -0.05677714, 131.9673, 30.30933
29.93156, 25.12837, -183.6298, -0.05673568, 131.9733, 29.01309
29.97506, 25.28276, -183.9908, -0.05677262, 131.9796, 29.87774
30.01777, 25.42873, -184.3442, -0.05686176, 131.9857, 29.79383
30.06009, 25.75978, -184.8815, -0.05695053, 131.9953, 45.70525
30.10358, 25.91809, -185.2419, -0.05690578, 132.0019, 29.83638
30.14627, 26.075, -185.6061, -0.05679893, 132.0085, 30.72174
30.19003, 26.2313, -185.9662, -0.05672166, 132.0151, 29.62727
30.23281, 26.38655, -186.3291, -0.05674668, 132.0217, 30.55034
30.27637, 26.54579, -186.6936, -0.05684851, 132.0284, 30.12316
30.3193, 26.70503, -187.0594, -0.0569538, 132.0351, 30.67844
30.36175, 27.04356, -187.6048, -0.05696141, 132.0452, 46.26398
30.4064, 27.21075, -187.9732, -0.05687456, 132.0519, 29.71238
30.44895, 27.36608, -188.3422, -0.05677894, 132.0587, 31.22078
30.4922, 27.53405, -188.7115, -0.05673414, 132.0654, 30.74824
30.53571, 27.69698, -189.0811, -0.05677282, 132.0721, 30.58235
30.57934, 27.86485, -189.456, -0.05685183, 132.0788, 30.93988
30.62548, 28.211, -190.0116, -0.05694448, 132.0887, 43.35744
30.66903, 28.36362, -190.3828, -0.05695487, 132.0953, 30.68888
30.71324, 28.52817, -190.7557, -0.05692772, 132.1018, 30.37312
30.75586, 28.69518, -191.1331, -0.0568706, 132.1085, 31.88436
30.79964, 28.86444, -191.5049, -0.05680632, 132.1151, 30.57334
30.84451, 29.21876, -192.0697, -0.05679706, 132.1252, 45.32566
30.88888, 29.37878, -192.4424, -0.05685732, 132.1319, 30.24135
30.93299, 29.54302, -192.8179, -0.05692649, 132.1387, 30.651
30.9772, 29.7044, -193.1895, -0.05697273, 132.1454, 30.2591
31.0221, 30.05523, -193.7525, -0.05692737, 132.1558, 45.1535
31.06752, 30.21315, -194.1227, -0.05687066, 132.1625, 29.34056
31.11181, 30.3701, -194.4963, -0.0568376, 132.1694, 30.3768
31.1552, 30.5332, -194.8685, -0.05683646, 132.176, 30.88362
31.19853, 30.69316, -195.2348, -0.0568747, 132.1825, 30.43721
31.24167, 31.04352, -195.7928, -0.05693309, 132.1923, 46.5772
31.2873, 31.20394, -196.1588, -0.05693414, 132.1988, 28.87873
31.33179, 31.35435, -196.5249, -0.05691385, 132.2052, 29.63224
31.37666, 31.51183, -196.8948, -0.05687294, 132.2117, 29.6736
31.42106, 31.8459, -197.4432, -0.05683104, 132.2213, 44.47498
31.4663, 32.00261, -197.8098, -0.05683159, 132.2278, 29.18034
31.51314, 32.14877, -198.1719, -0.05686996, 132.2343, 27.83225
31.55685, 32.29079, -198.5354, -0.05692013, 132.2408, 29.94086
31.60096, 32.6245, -199.078, -0.05695896, 132.2507, 44.29532
31.64705, 32.77788, -199.4408, -0.05691921, 132.2573, 28.3349
31.69128, 32.92039, -199.8014, -0.05684666, 132.2637, 29.36275
31.74134, 33.2519, -200.3444, -0.05677274, 132.2732, 39.05466
31.78845, 33.37606, -200.7065, -0.0567885, 132.2797, 27.67163
31.83276, 33.51292, -201.0661, -0.05685902, 132.2861, 29.22808
31.87776, 33.66306, -201.4263, -0.05694353, 132.2925, 28.8132
31.92307, 33.98919, -201.9678, -0.05696661, 132.3021, 43.03835
31.96878, 34.12959, -202.3226, -0.05691054, 132.3083, 27.94899
32.01273, 34.26846, -202.6782, -0.0568597, 132.3147, 29.12538
32.05685, 34.41642, -203.0354, -0.05684037, 132.3211, 29.1537
32.1017, 34.74083, -203.5703, -0.05683298, 132.3309, 42.93993
32.14632, 34.88497, -203.9274, -0.0568204, 132.3375, 28.82044
32.19213, 35.03042, -204.2838, -0.05681685, 132.3441, 28.00901
32.23791, 35.16608, -204.6355, -0.0568498, 132.3504, 27.65945
32.28277, 35.48274, -205.1695, -0.05692596, 132.3595, 42.86305
32.32857, 35.62237, -205.5233, -0.05693828, 132.3654, 27.81188
32.37443, 35.76042, -205.8783, -0.0569071, 132.3712, 27.87042
32.42023, 36.07189, -206.4057, -0.05682949, 132.3793, 41.46312
32.46588, 36.21091, -206.7616, -0.05679759, 132.3843, 28.06383
32.51056, 36.34475, -207.1114, -0.05697387, 132.3889, 28.18858
32.55558, 36.48925, -207.4672, -0.05749017, 132.3932, 28.45635
32.60029, 36.80558, -207.9962, -0.05806259, 132.3987, 42.59993
32.64784, 36.94484, -208.3464, -0.05804428, 132.4016, 26.51612
32.69257, 37.07459, -208.6997, -0.05777996, 132.4037, 28.43589
32.7374, 37.21758, -209.0524, -0.05745572, 132.4048, 28.32532
32.78277, 37.53954, -209.5835, -0.05720523, 132.4039, 42.13085
32.82816, 37.67516, -209.9315, -0.05763936, 132.4014, 27.60439
32.87474, 37.81709, -210.2859, -0.0581558, 132.3967, 27.39142
32.91956, 37.95495, -210.6389, -0.05837226, 132.3899, 28.361
32.96464, 38.2818, -211.1707, -0.05808854, 132.3745, 42.48914
33.00978, 38.42846, -211.5227, -0.05783831, 132.3607, 28.087
33.05355, 38.57975, -211.8806, -0.0577587, 132.3429, 29.47681
33.0989, 38.73093, -212.23, -0.05785701, 132.3223, 27.78399
33.14209, 39.06672, -212.765, -0.05804762, 132.2832, 44.7091
33.18534, 39.22377, -213.1147, -0.05805812, 132.2533, 29.22141
33.22868, 39.38784, -213.4708, -0.05798406, 132.2189, 29.7188
33.27116, 39.54608, -213.8214, -0.05791708, 132.1814, 29.88004
33.31494, 39.70774, -214.1761, -0.05790933, 132.1397, 29.3628
33.3575, 39.85248, -214.5237, -0.0579683, 132.0961, 29.62948
33.39917, 40.00394, -214.8751, -0.05803871, 132.049, 30.62943
33.43995, 40.15887, -215.2289, -0.05803977, 131.9988, 31.55472
33.48132, 40.49009, -215.7583, -0.05788984, 131.9188, 46.59351
33.52422, 40.64872, -216.1152, -0.05780628, 131.8614, 30.32306
33.56649, 40.79974, -216.4702, -0.05781754, 131.802, 30.65913
33.6068, 40.95727, -216.8286, -0.0579147, 131.7392, 32.5026
33.64896, 41.12635, -217.1867, -0.0580318, 131.6742, 31.07171
33.68883, 41.28477, -217.5425, -0.05809283, 131.6079, 32.68155
33.73042, 41.46015, -217.905, -0.05804956, 131.5384, 31.94787
33.7708, 41.62179, -218.2608, -0.05795566, 131.469, 32.31371
33.81129, 41.79931, -218.6244, -0.05788065, 131.3967, 32.96419
33.85166, 41.97029, -218.9826, -0.05786993, 131.3242, 32.59298
33.89029, 42.14901, -219.3469, -0.05790179, 131.2493, 34.65864
33.93053, 42.33701, -219.7139, -0.05793682, 131.1724, 33.54394
33.96819, 42.51974, -220.0795, -0.05795469, 131.0946, 35.73572
34.00597, 42.7194, -220.4515, -0.057955, 131.014, 36.26138
34.04273, 42.91906, -220.8225, -0.05795366, 130.9325, 37.20403
34.08097, 43.12005, -221.1905, -0.05796043, 130.8504, 35.49413
34.1191, 43.13372, -221.3799, -0.05796582, 130.8076, 18.33572
34.15877, 43.33416, -221.7525, -0.05799009, 130.7227, 34.67924
34.19656, 43.52485, -222.1234, -0.05801233, 130.6367, 36.27285
34.23455, 43.73029, -222.5, -0.05801031, 130.5478, 36.65936
34.27324, 43.93748, -222.879, -0.05796871, 130.4567, 36.27222
34.31142, 44.14073, -223.2571, -0.05790275, 130.3638, 36.71234
34.34911, 44.3477, -223.6361, -0.05786277, 130.2687, 37.3254
34.3881, 44.56171, -224.02, -0.05789452, 130.1696, 36.60357
34.42614, 44.76567, -224.3991, -0.05799668, 130.0692, 37.12569
34.46412, 44.98162, -224.786, -0.05808007, 129.9636, 38.00229
34.50072, 45.19224, -225.1668, -0.05809508, 129.8569, 38.89452
34.53776, 45.21945, -225.3618, -0.05807185, 129.801, 19.7197
34.57374, 45.44078, -225.7485, -0.05799349, 129.6876, 40.31622
34.61346, 45.66629, -226.1335, -0.05792134, 129.571, 36.46389
34.65048, 45.87756, -226.5217, -0.05789939, 129.4496, 39.54945
34.68874, 46.09784, -226.9061, -0.05793254, 129.3256, 38.00739
34.72453, 46.31517, -227.2922, -0.05801054, 129.1965, 40.95137
34.76251, 46.54564, -227.6794, -0.05808715, 129.0623, 38.84288
34.79944, 46.56909, -227.8751, -0.05810255, 128.9927, 20.25436
34.83562, 46.79515, -228.2624, -0.05808352, 128.8511, 41.02016
34.87073, 47.02508, -228.6483, -0.05800867, 128.7049, 42.32409
34.90415, 47.26121, -229.0354, -0.05793693, 128.5523, 44.81119
34.93756, 47.30573, -229.2284, -0.05792001, 128.474, 22.43888
34.97021, 47.54987, -229.6138, -0.05794356, 128.313, 46.07322
35.00271, 47.79538, -229.9946, -0.05802055, 128.1479, 45.96622
35.0369, 47.84317, -230.1852, -0.05806485, 128.0625, 21.99345
35.0685, 48.08207, -230.5649, -0.0581321, 127.8876, 47.62826
35.1017, 48.33209, -230.9424, -0.05813595, 127.7068, 45.38033
35.13442, 48.37852, -231.1324, -0.0581096, 127.6128, 23.32732
35.16455, 48.62276, -231.5069, -0.05803153, 127.4222, 50.20589
35.19369, 48.681, -231.6935, -0.05799085, 127.3245, 26.02037
35.22274, 48.94275, -232.0652, -0.05794171, 127.1236, 52.35479
35.25296, 49.00264, -232.2467, -0.05794737, 127.0229, 24.73361
35.28287, 49.25619, -232.6124, -0.05801211, 126.8139, 50.69403
35.31047, 49.3126, -232.7932, -0.05806102, 126.7076, 27.35553
35.33826, 49.38124, -232.9743, -0.05810612, 126.5991, 27.35696
35.36714, 49.64362, -233.3332, -0.05815583, 126.3793, 52.4648
35.39281, 49.70576, -233.5122, -0.05814984, 126.2671, 29.62493
35.4187, 49.78354, -233.6914, -0.05812139, 126.1531, 29.52819
35.44616, 50.05159, -234.0434, -0.05804249, 125.9253, 54.96421
35.47293, 50.12038, -234.2205, -0.05800276, 125.8086, 28.52216
35.4986, 50.19173, -234.3965, -0.05797198, 125.6912, 29.67911
35.52438, 50.46246, -234.7462, -0.05795151, 125.4544, 58.96288
35.55012, 50.5399, -234.9221, -0.05796024, 125.3332, 29.88457
35.57462, 50.61386, -235.0943, -0.05798589, 125.2138, 30.78387
35.59936, 50.69587, -235.2681, -0.0580172, 125.0919, 30.88413
35.62376, 50.96938, -235.6122, -0.05808673, 124.8476, 62.289
35.64831, 51.05132, -235.7843, -0.05811144, 124.724, 31.06507
35.67623, 51.13213, -235.9558, -0.0581241, 124.6, 27.28272
35.70024, 51.38569, -236.2925, -0.0581261, 124.3542, 62.51085
35.72465, 51.46851, -236.4625, -0.05811527, 124.229, 31.14158
35.74911, 51.54798, -236.6308, -0.05810115, 124.1043, 30.82537
35.77323, 51.62902, -236.8004, -0.05807853, 123.978, 31.57104
35.79846, 51.71113, -236.9693, -0.05804965, 123.8516, 30.09826
35.82259, 51.97927, -237.3046, -0.05799234, 123.5993, 62.59542
35.84705, 52.05957, -237.471, -0.05797136, 123.4734, 30.71079
35.8701, 52.13974, -237.6384, -0.05795803, 123.3462, 32.83623
35.89651, 52.22581, -237.805, -0.0579577, 123.2195, 28.53034
35.91929, 52.29696, -237.9717, -0.05796951, 123.0921, 33.1574
35.94279, 52.57389, -238.3017, -0.05803137, 122.839, 63.72575
35.96636, 52.65586, -238.4655, -0.05807562, 122.7129, 31.56932
35.98797, 52.74043, -238.6316, -0.05811474, 122.5846, 34.96106
36.01033, 52.83278, -238.7964, -0.05814385, 122.457, 33.55756
36.03297, 52.92168, -238.9609, -0.05815434, 122.3291, 33.12568
36.05617, 53.01035, -239.1261, -0.05814118, 122.2005, 32.50208
36.07839, 53.09398, -239.2888, -0.05811188, 122.0734, 33.44594
36.10243, 53.37777, -239.619, -0.05800759, 121.8148, 62.81164
36.14151, 53.65148, -239.9468, -0.05792029, 121.5569, 38.41914
36.16711, 53.66555, -240.1108, -0.05790373, 121.4275, 29.36892
36.19365, 53.74238, -240.2757, -0.05790716, 121.2971, 28.51473
36.2164, 53.8127, -240.4384, -0.05793424, 121.1683, 32.84024
36.23938, 53.90314, -240.6033, -0.05797265, 121.0372, 32.99688
36.26184, 54.18041, -240.9271, -0.05807439, 120.7791, 66.37058
36.28489, 54.27341, -241.0924, -0.05811436, 120.6468, 33.07031
36.31019, 54.36163, -241.2556, -0.05814032, 120.5157, 29.77989
36.35194, 54.62691, -241.5763, -0.05815134, 120.2569, 35.53263
36.37786, 54.63057, -241.7387, -0.0581324, 120.1249, 29.07367
36.40319, 54.89847, -242.0625, -0.05805835, 119.8605, 59.39224
36.42639, 54.97476, -242.2225, -0.05801371, 119.729, 32.14933
36.44955, 55.06178, -242.3832, -0.05797166, 119.5966, 32.36754
36.47128, 55.1482, -242.5429, -0.05794235, 119.4645, 34.32391
36.49443, 55.23995, -242.7013, -0.05793309, 119.3329, 32.03163
36.51851, 55.32605, -242.8601, -0.05794469, 119.2004, 30.91109
36.56049, 55.78949, -243.3352, -0.05806031, 118.8007, 53.24245
36.58619, 55.78857, -243.491, -0.05810256, 118.6685, 28.62215
36.61201, 55.86269, -243.6478, -0.05813194, 118.5348, 28.73433
36.63494, 55.93754, -243.8053, -0.05814221, 118.3997, 32.58018
36.65651, 56.02242, -243.96, -0.05813744, 118.2668, 34.0465
36.68262, 56.30636, -244.2728, -0.05807072, 117.9959, 57.05142
36.70565, 56.37568, -244.4255, -0.05803192, 117.863, 31.64337
36.73152, 56.46053, -244.5794, -0.05799909, 117.7285, 28.43037
36.76948, 56.72028, -244.8858, -0.05797973, 117.4589, 38.71144
36.79562, 56.73895, -245.0393, -0.05798969, 117.3229, 28.23827
36.8224, 56.99197, -245.3393, -0.05804766, 117.0551, 54.05773
36.84407, 57.06079, -245.4917, -0.0580729, 116.9178, 34.08532
36.86717, 57.14865, -245.6407, -0.05809218, 116.7829, 31.31882
36.88873, 57.23469, -245.793, -0.05808876, 116.6438, 34.44815
36.91227, 57.32399, -245.9417, -0.05807159, 116.507, 30.90118
36.9364, 57.40452, -246.0901, -0.05804196, 116.3695, 30.18847
36.97937, 57.66919, -246.3867, -0.0579805, 116.0914, 34.06292
37.00574, 57.84666, -246.6787, -0.05796323, 115.8133, 55.04924
37.03215, 57.91198, -246.8227, -0.05798173, 115.6747, 27.23647
37.05489, 57.98086, -246.9693, -0.05800796, 115.5325, 32.33508
37.07708, 58.063, -247.1129, -0.0580431, 115.3921, 32.57727
37.1004, 58.33323, -247.4009, -0.05809088, 115.1071, 62.56192
37.12272, 58.41281, -247.5431, -0.05809642, 114.9648, 32.44826
37.149, 58.49877, -247.6863, -0.05808388, 114.8201, 27.88229
37.18769, 58.74429, -247.965, -0.05804525, 114.5346, 37.1335
37.21316, 58.75286, -248.1024, -0.05803182, 114.3916, 28.03177
37.24015, 59.00113, -248.3768, -0.05802775, 114.1008, 53.3003
37.26129, 59.0601, -248.5112, -0.05804019, 113.9558, 33.68298
37.28454, 59.14329, -248.6437, -0.0580605, 113.8111, 30.37597
37.30576, 59.21993, -248.7776, -0.05807663, 113.6627, 33.92479
37.32851, 59.30236, -248.9085, -0.05808961, 113.5163, 31.0625
37.35226, 59.3793, -249.0396, -0.05808923, 113.3676, 30.05382
37.393, 59.62397, -249.2962, -0.05806012, 113.0718, 34.59842
37.41816, 59.61966, -249.4234, -0.05803568, 112.9224, 28.0822
37.44463, 59.85727, -249.6754, -0.0579876, 112.6213, 53.39682
37.46705, 59.91467, -249.7999, -0.05797218, 112.4699, 31.48007
37.48964, 59.99114, -249.9244, -0.0579627, 112.3165, 31.49139
37.51047, 60.06337, -250.0458, -0.05796659, 112.1654, 33.49524
37.53277, 60.14667, -250.1687, -0.05797409, 112.01, 31.97714
37.55462, 60.21984, -250.2884, -0.05799226, 111.8572, 31.97536
37.5943, 60.46662, -250.5262, -0.05803629, 111.5473, 35.44053
37.61884, 60.46704, -250.6455, -0.05805048, 111.3886, 29.13504
37.64439, 60.69899, -250.8771, -0.05806709, 111.0754, 54.86874
37.6667, 60.7564, -250.9911, -0.05806343, 110.9182, 31.32574
37.68872, 60.82682, -251.1034, -0.05805597, 110.7618, 31.49744
37.71053, 60.89965, -251.2157, -0.05804536, 110.603, 32.10116
37.73251, 60.97551, -251.3291, -0.0580284, 110.4411, 32.37319
37.75274, 61.04425, -251.4376, -0.0580194, 110.2847, 33.86873
37.77586, 61.12449, -251.5478, -0.05800798, 110.1236, 30.39155
37.81726, 61.35802, -251.7648, -0.0579941, 109.8009, 33.8131
37.8414, 61.50988, -251.9771, -0.05799526, 109.4778, 57.67159
37.86616, 61.5701, -252.0818, -0.05799915, 109.3159, 28.03273
37.8876, 61.62782, -252.1857, -0.05800325, 109.1531, 32.43022
37.90748, 61.70015, -252.2889, -0.05800706, 108.9893, 35.04716
37.92912, 61.77993, -252.3919, -0.05800755, 108.8239, 32.41382
37.95021, 61.84843, -252.4922, -0.05801111, 108.6613, 32.62119
37.97016, 61.91968, -252.5912, -0.05801896, 108.4986, 34.36853
37.99835, 61.99644, -252.6904, -0.0580295, 108.3336, 24.58383
38.04204, 62.36005, -252.9819, -0.05804848, 107.8356, 47.54269
38.06571, 62.33357, -253.077, -0.05804451, 107.6695, 29.12086
38.09161, 62.39046, -253.1697, -0.0580417, 107.5052, 26.21064
38.11211, 62.44294, -253.2648, -0.05802766, 107.3345, 34.33302
38.13504, 62.51368, -253.3563, -0.05801543, 107.1684, 29.76193
38.15599, 62.57824, -253.4495, -0.05799114, 106.9966, 33.58537
38.17818, 62.64791, -253.5398, -0.0579677, 106.8282, 31.01084
38.20079, 62.86697, -253.7167, -0.05794208, 106.4926, 60.3904
38.24403, 63.08678, -253.8919, -0.05796635, 106.151, 31.96025
38.2686, 63.06025, -253.9776, -0.05799509, 105.981, 27.89432
38.29408, 63.1152, -254.0631, -0.05802293, 105.8086, 27.19687
38.31607, 63.16576, -254.1484, -0.058042, 105.6347, 31.69944
38.33845, 63.22706, -254.2306, -0.05805573, 105.4651, 30.33086
38.35934, 63.28819, -254.3129, -0.05805753, 105.2929, 32.87636
38.38214, 63.50919, -254.4742, -0.05804055, 104.9483, 60.08979
38.40481, 63.56968, -254.5543, -0.05802407, 104.7737, 30.51496
38.44747, 63.7801, -254.7098, -0.05800597, 104.4283, 31.96241
38.47309, 63.75608, -254.7865, -0.05799873, 104.254, 26.75234
38.49855, 63.80323, -254.8628, -0.05798928, 104.0788, 27.02605
38.52039, 64.00519, -255.0133, -0.05796155, 103.7251, 63.36433
38.54095, 64.06507, -255.0852, -0.05795195, 103.5524, 32.74031
38.56563, 64.13092, -255.1573, -0.05794777, 103.377, 27.67136
38.5871, 64.17995, -255.2283, -0.05795587, 103.2013, 31.76837
38.61238, 64.24262, -255.2993, -0.05797195, 103.0232, 27.29972
38.65558, 64.43933, -255.4369, -0.05802368, 102.6699, 31.59744
38.68266, 64.55717, -255.5697, -0.05808319, 102.3195, 49.82186
38.70918, 64.59631, -255.6361, -0.05809669, 102.1401, 25.97326
38.73353, 64.63631, -255.7015, -0.05809266, 101.9618, 28.06182
38.75828, 64.68452, -255.7653, -0.05807177, 101.785, 27.35368
38.78109, 64.88324, -255.8927, -0.05797105, 101.4238, 60.44305
38.80381, 64.93922, -255.955, -0.05791382, 101.2435, 30.21901
38.82848, 64.9959, -256.0166, -0.05786628, 101.0622, 27.94667
38.87041, 65.19296, -256.1374, -0.05783586, 100.6988, 32.88243
38.89811, 65.1722, -256.1969, -0.05785756, 100.516, 24.97599
38.92477, 65.35259, -256.3114, -0.05797872, 100.1562, 51.002
38.94871, 65.39261, -256.3679, -0.05805537, 99.97385, 28.69696
38.97206, 65.44328, -256.4236, -0.05812475, 99.79195, 29.33794
38.99425, 65.49319, -256.4782, -0.05817718, 99.61169, 30.55131
39.01791, 65.55045, -256.5325, -0.05819968, 99.42961, 28.90157
39.04217, 65.74759, -256.639, -0.058144, 99.06429, 56.48018
39.08319, 65.94172, -256.7434, -0.0579918, 98.69598, 33.60015
39.11044, 65.92078, -256.7938, -0.05791314, 98.51544, 24.76113
39.13808, 65.95924, -256.8449, -0.05784234, 98.3294, 25.12588
39.16162, 66.13778, -256.9435, -0.05779836, 97.96387, 57.88457
39.18546, 66.19241, -256.993, -0.05781937, 97.77637, 29.28717
39.20805, 66.24216, -257.0411, -0.05786724, 97.59237, 30.31525
39.23309, 66.30083, -257.0894, -0.05792256, 97.40414, 27.94266
39.25788, 66.34771, -257.1367, -0.05798038, 97.2179, 27.90084
39.30029, 66.69099, -257.2759, -0.05806867, 96.65367, 49.32982
39.32825, 66.67131, -257.321, -0.05806866, 96.46603, 24.84866
39.3548, 66.71037, -257.3661, -0.05805616, 96.27537, 26.55795
39.3792, 66.75415, -257.4106, -0.05803802, 96.08549, 28.78271
39.40376, 66.95047, -257.4971, -0.05801421, 95.7104, 56.42399
39.42761, 67.00047, -257.5395, -0.05801454, 95.52345, 28.92584
39.45345, 67.05663, -257.5825, -0.05801209, 95.33096, 27.48414
39.47811, 67.10422, -257.6248, -0.05800778, 95.14014, 28.53557
39.51863, 67.30292, -257.7073, -0.0579839, 94.76032, 34.52828
39.54636, 67.4434, -257.7887, -0.0579364, 94.37631, 50.95782
39.57326, 67.48882, -257.8293, -0.05790752, 94.18073, 26.73519
39.59739, 67.53527, -257.869, -0.05788456, 93.98724, 29.47278
39.62261, 67.73998, -257.947, -0.05788312, 93.60097, 56.24265
39.64667, 67.79509, -257.9856, -0.05791014, 93.40571, 29.78669
39.67271, 67.85379, -258.0237, -0.05795453, 93.2109, 27.44117
39.6981, 67.90688, -258.0615, -0.0580057, 93.01441, 28.36474
39.73929, 68.11163, -258.1355, -0.05809552, 92.6229, 34.82589
39.76587, 68.26232, -258.2083, -0.05811034, 92.22681, 54.54803
39.79411, 68.31348, -258.2438, -0.05809019, 92.02985, 25.51504
39.81855, 68.35841, -258.2784, -0.05806185, 91.83425, 29.26288
39.84394, 68.57395, -258.348, -0.05797818, 91.43376, 57.62087
39.86965, 68.63451, -258.3821, -0.05793973, 91.2337, 28.41482
39.89444, 68.69292, -258.4158, -0.05791013, 91.03294, 29.57185
